_id,Year,Strata,Strata Name,County,ICD Version,Total Admits (Consolidated),30-day Readmits (Consolidated),30-day Readmission Rate (Consolidated),Overall,Age,Sex,Race-Ethnicity,Expected Payer
1,2011,Overall,Overall,State,ICD-9,1948641.0,272268.0,14.0,Overall,0,0,0,0
2,2011,Age,18 to 44 years,State,ICD-9,326070.0,36855.0,11.3,0,18 to 44 years,0,0,0
3,2011,Age,45 to 64 years,State,ICD-9,659801.0,90891.0,13.8,0,45 to 64 years,0,0,0
4,2011,Age,65 years and above,State,ICD-9,962771.0,144522.0,15.0,0,65 years and above,0,0,0
5,2011,Sex,Male,State,ICD-9,901776.0,132417.0,14.7,0,0,Male,0,0
6,2011,Sex,Female,State,ICD-9,1046865.0,139851.0,13.4,0,0,Female,0,0
7,2011,Race-Ethnicity,White,State,ICD-9,1127791.0,150492.0,13.3,0,0,0,White,0
8,2011,Race-Ethnicity,Hispanic,State,ICD-9,416845.0,58534.0,14.0,0,0,0,Hispanic,0
9,2011,Race-Ethnicity,African-American,State,ICD-9,190344.0,34566.0,18.2,0,0,0,African-American,0
10,2011,Race-Ethnicity,Asian/Pacific Islander,State,ICD-9,147502.0,20294.0,13.8,0,0,0,Asian/Pacific Islander,0
11,2011,Race-Ethnicity,Native American,State,ICD-9,5389.0,714.0,13.2,0,0,0,Native American,0
12,2011,Race-Ethnicity,Other/Unknown,State,ICD-9,60771.0,7668.0,12.6,0,0,0,Other/Unknown,0
13,2011,Expected Payer,MediCare,State,ICD-9,1020088.0,162185.0,15.9,0,0,0,0,MediCare
14,2011,Expected Payer,Medi-Cal,State,ICD-9,252872.0,44936.0,17.8,0,0,0,0,Medi-Cal
15,2011,Expected Payer,Private,State,ICD-9,494787.0,48258.0,9.8,0,0,0,0,Private
16,2011,Expected Payer,Self-Pay,State,ICD-9,75026.0,6563.0,8.7,0,0,0,0,Self-Pay
17,2011,Expected Payer,Other,State,ICD-9,105869.0,10326.0,9.8,0,0,0,0,Other
18,2011,Overall,Overall,Alameda,ICD-9,75103.0,11377.0,15.1,Overall,0,0,0,0
19,2011,Overall,Overall,Alpine,ICD-9,13.0,1.0,7.7,Overall,0,0,0,0
20,2011,Overall,Overall,Amador,ICD-9,2657.0,345.0,13.0,Overall,0,0,0,0
21,2011,Overall,Overall,Butte,ICD-9,20422.0,3198.0,15.7,Overall,0,0,0,0
22,2011,Overall,Overall,Calaveras,ICD-9,3253.0,392.0,12.1,Overall,0,0,0,0
23,2011,Overall,Overall,Colusa,ICD-9,1113.0,132.0,11.9,Overall,0,0,0,0
24,2011,Overall,Overall,Contra Costa,ICD-9,55458.0,7580.0,13.7,Overall,0,0,0,0
25,2011,Overall,Overall,Del Norte,ICD-9,1455.0,206.0,14.2,Overall,0,0,0,0
26,2011,Overall,Overall,El Dorado,ICD-9,9890.0,1305.0,13.2,Overall,0,0,0,0
27,2011,Overall,Overall,Fresno,ICD-9,49558.0,6865.0,13.9,Overall,0,0,0,0
28,2011,Overall,Overall,Glenn,ICD-9,1745.0,209.0,12.0,Overall,0,0,0,0
29,2011,Overall,Overall,Humboldt,ICD-9,7053.0,686.0,9.7,Overall,0,0,0,0
30,2011,Overall,Overall,Imperial,ICD-9,9140.0,1194.0,13.1,Overall,0,0,0,0
31,2011,Overall,Overall,Inyo,ICD-9,794.0,57.0,7.2,Overall,0,0,0,0
32,2011,Overall,Overall,Kern,ICD-9,46535.0,6514.0,14.0,Overall,0,0,0,0
33,2011,Overall,Overall,Kings,ICD-9,7388.0,1011.0,13.7,Overall,0,0,0,0
34,2011,Overall,Overall,Lake,ICD-9,5843.0,893.0,15.3,Overall,0,0,0,0
35,2011,Overall,Overall,Lassen,ICD-9,1151.0,108.0,9.4,Overall,0,0,0,0
36,2011,Overall,Overall,Los Angeles,ICD-9,534319.0,83066.0,15.5,Overall,0,0,0,0
37,2011,Overall,Overall,Madera,ICD-9,7137.0,888.0,12.4,Overall,0,0,0,0
38,2011,Overall,Overall,Marin,ICD-9,12210.0,1414.0,11.6,Overall,0,0,0,0
39,2011,Overall,Overall,Mariposa,ICD-9,1160.0,144.0,12.4,Overall,0,0,0,0
40,2011,Overall,Overall,Mendocino,ICD-9,5360.0,653.0,12.2,Overall,0,0,0,0
41,2011,Overall,Overall,Merced,ICD-9,12482.0,1754.0,14.1,Overall,0,0,0,0
42,2011,Overall,Overall,Modoc,ICD-9,405.0,38.0,9.4,Overall,0,0,0,0
43,2011,Overall,Overall,Mono,ICD-9,245.0,17.0,6.9,Overall,0,0,0,0
44,2011,Overall,Overall,Monterey,ICD-9,18178.0,1973.0,10.9,Overall,0,0,0,0
45,2011,Overall,Overall,Napa,ICD-9,8444.0,1251.0,14.8,Overall,0,0,0,0
46,2011,Overall,Overall,Nevada,ICD-9,6098.0,782.0,12.8,Overall,0,0,0,0
47,2011,Overall,Overall,Orange,ICD-9,137953.0,18428.0,13.4,Overall,0,0,0,0
48,2011,Overall,Overall,Placer,ICD-9,18464.0,2258.0,12.2,Overall,0,0,0,0
49,2011,Overall,Overall,Plumas,ICD-9,1098.0,151.0,13.8,Overall,0,0,0,0
50,2011,Overall,Overall,Riverside,ICD-9,110802.0,14936.0,13.5,Overall,0,0,0,0
51,2011,Overall,Overall,Sacramento,ICD-9,76052.0,10610.0,14.0,Overall,0,0,0,0
52,2011,Overall,Overall,San Benito,ICD-9,2806.0,375.0,13.4,Overall,0,0,0,0
53,2011,Overall,Overall,San Bernardino,ICD-9,105064.0,14941.0,14.2,Overall,0,0,0,0
54,2011,Overall,Overall,San Diego,ICD-9,157874.0,21258.0,13.5,Overall,0,0,0,0
55,2011,Overall,Overall,San Francisco,ICD-9,39616.0,5620.0,14.2,Overall,0,0,0,0
56,2011,Overall,Overall,San Joaquin,ICD-9,35737.0,4914.0,13.8,Overall,0,0,0,0
57,2011,Overall,Overall,San Luis Obispo,ICD-9,14239.0,1603.0,11.3,Overall,0,0,0,0
58,2011,Overall,Overall,San Mateo,ICD-9,29726.0,3701.0,12.5,Overall,0,0,0,0
59,2011,Overall,Overall,Santa Barbara,ICD-9,18297.0,1963.0,10.7,Overall,0,0,0,0
60,2011,Overall,Overall,Santa Clara,ICD-9,68595.0,9076.0,13.2,Overall,0,0,0,0
61,2011,Overall,Overall,Santa Cruz,ICD-9,11076.0,1222.0,11.0,Overall,0,0,0,0
62,2011,Overall,Overall,Shasta,ICD-9,15075.0,1739.0,11.5,Overall,0,0,0,0
63,2011,Overall,Overall,Sierra,ICD-9,182.0,26.0,14.3,Overall,0,0,0,0
64,2011,Overall,Overall,Siskiyou,ICD-9,2376.0,201.0,8.5,Overall,0,0,0,0
65,2011,Overall,Overall,Solano,ICD-9,20548.0,2850.0,13.9,Overall,0,0,0,0
66,2011,Overall,Overall,Sonoma,ICD-9,23404.0,2757.0,11.8,Overall,0,0,0,0
67,2011,Overall,Overall,Stanislaus,ICD-9,30837.0,4278.0,13.9,Overall,0,0,0,0
68,2011,Overall,Overall,Sutter,ICD-9,5851.0,720.0,12.3,Overall,0,0,0,0
69,2011,Overall,Overall,Tehama,ICD-9,3509.0,421.0,12.0,Overall,0,0,0,0
70,2011,Overall,Overall,Trinity,ICD-9,1038.0,154.0,14.8,Overall,0,0,0,0
71,2011,Overall,Overall,Tulare,ICD-9,23641.0,3258.0,13.8,Overall,0,0,0,0
72,2011,Overall,Overall,Tuolumne,ICD-9,4131.0,521.0,12.6,Overall,0,0,0,0
73,2011,Overall,Overall,Ventura,ICD-9,42145.0,5195.0,12.3,Overall,0,0,0,0
74,2011,Overall,Overall,Yolo,ICD-9,7620.0,904.0,11.9,Overall,0,0,0,0
75,2011,Overall,Overall,Yuba,ICD-9,4902.0,724.0,14.8,Overall,0,0,0,0
76,2012,Overall,Overall,State,ICD-9,1905961.0,263431.0,13.8,Overall,0,0,0,0
77,2012,Age,18 to 44 years,State,ICD-9,318458.0,36818.0,11.6,0,18 to 44 years,0,0,0
78,2012,Age,45 to 64 years,State,ICD-9,645384.0,89020.0,13.8,0,45 to 64 years,0,0,0
79,2012,Age,65 years and above,State,ICD-9,942119.0,137593.0,14.6,0,65 years and above,0,0,0
80,2012,Sex,Male,State,ICD-9,892006.0,129377.0,14.5,0,0,Male,0,0
81,2012,Sex,Female,State,ICD-9,1013955.0,134054.0,13.2,0,0,Female,0,0
82,2012,Race-Ethnicity,White,State,ICD-9,1086174.0,143344.0,13.2,0,0,0,White,0
83,2012,Race-Ethnicity,Hispanic,State,ICD-9,426051.0,59594.0,14.0,0,0,0,Hispanic,0
84,2012,Race-Ethnicity,African-American,State,ICD-9,184109.0,32604.0,17.7,0,0,0,African-American,0
85,2012,Race-Ethnicity,Asian/Pacific Islander,State,ICD-9,144598.0,19494.0,13.5,0,0,0,Asian/Pacific Islander,0
86,2012,Race-Ethnicity,Native American,State,ICD-9,5727.0,818.0,14.3,0,0,0,Native American,0
87,2012,Race-Ethnicity,Other/Unknown,State,ICD-9,59302.0,7577.0,12.8,0,0,0,Other/Unknown,0
88,2012,Expected Payer,MediCare,State,ICD-9,1001655.0,155200.0,15.5,0,0,0,0,MediCare
89,2012,Expected Payer,Medi-Cal,State,ICD-9,250143.0,44870.0,17.9,0,0,0,0,Medi-Cal
90,2012,Expected Payer,Private,State,ICD-9,466366.0,45431.0,9.7,0,0,0,0,Private
91,2012,Expected Payer,Self-Pay,State,ICD-9,71327.0,5842.0,8.2,0,0,0,0,Self-Pay
92,2012,Expected Payer,Other,State,ICD-9,116470.0,12088.0,10.4,0,0,0,0,Other
93,2012,Overall,Overall,Alameda,ICD-9,72083.0,10448.0,14.5,Overall,0,0,0,0
94,2012,Overall,Overall,Alpine,ICD-9,10.0,0.0,0.0,Overall,0,0,0,0
95,2012,Overall,Overall,Amador,ICD-9,2775.0,411.0,14.8,Overall,0,0,0,0
96,2012,Overall,Overall,Butte,ICD-9,20895.0,3279.0,15.7,Overall,0,0,0,0
97,2012,Overall,Overall,Calaveras,ICD-9,3218.0,432.0,13.4,Overall,0,0,0,0
98,2012,Overall,Overall,Colusa,ICD-9,1125.0,179.0,15.9,Overall,0,0,0,0
99,2012,Overall,Overall,Contra Costa,ICD-9,55974.0,7733.0,13.8,Overall,0,0,0,0
100,2012,Overall,Overall,Del Norte,ICD-9,1411.0,168.0,11.9,Overall,0,0,0,0
101,2012,Overall,Overall,El Dorado,ICD-9,9993.0,1350.0,13.5,Overall,0,0,0,0
102,2012,Overall,Overall,Fresno,ICD-9,48216.0,6769.0,14.0,Overall,0,0,0,0
103,2012,Overall,Overall,Glenn,ICD-9,1772.0,245.0,13.8,Overall,0,0,0,0
104,2012,Overall,Overall,Humboldt,ICD-9,7180.0,743.0,10.3,Overall,0,0,0,0
105,2012,Overall,Overall,Imperial,ICD-9,8957.0,1339.0,14.9,Overall,0,0,0,0
106,2012,Overall,Overall,Inyo,ICD-9,787.0,61.0,7.8,Overall,0,0,0,0
107,2012,Overall,Overall,Kern,ICD-9,43650.0,5926.0,13.6,Overall,0,0,0,0
108,2012,Overall,Overall,Kings,ICD-9,6903.0,911.0,13.2,Overall,0,0,0,0
109,2012,Overall,Overall,Lake,ICD-9,5559.0,800.0,14.4,Overall,0,0,0,0
110,2012,Overall,Overall,Lassen,ICD-9,1081.0,138.0,12.8,Overall,0,0,0,0
111,2012,Overall,Overall,Los Angeles,ICD-9,517164.0,79235.0,15.3,Overall,0,0,0,0
112,2012,Overall,Overall,Madera,ICD-9,6823.0,806.0,11.8,Overall,0,0,0,0
113,2012,Overall,Overall,Marin,ICD-9,11917.0,1354.0,11.4,Overall,0,0,0,0
114,2012,Overall,Overall,Mariposa,ICD-9,1097.0,111.0,10.1,Overall,0,0,0,0
115,2012,Overall,Overall,Mendocino,ICD-9,5333.0,648.0,12.2,Overall,0,0,0,0
116,2012,Overall,Overall,Merced,ICD-9,11481.0,1635.0,14.2,Overall,0,0,0,0
117,2012,Overall,Overall,Modoc,ICD-9,413.0,46.0,11.1,Overall,0,0,0,0
118,2012,Overall,Overall,Mono,ICD-9,248.0,23.0,9.3,Overall,0,0,0,0
119,2012,Overall,Overall,Monterey,ICD-9,17916.0,1916.0,10.7,Overall,0,0,0,0
120,2012,Overall,Overall,Napa,ICD-9,8202.0,1153.0,14.1,Overall,0,0,0,0
121,2012,Overall,Overall,Nevada,ICD-9,5879.0,717.0,12.2,Overall,0,0,0,0
122,2012,Overall,Overall,Orange,ICD-9,137256.0,18165.0,13.2,Overall,0,0,0,0
123,2012,Overall,Overall,Placer,ICD-9,18788.0,2238.0,11.9,Overall,0,0,0,0
124,2012,Overall,Overall,Plumas,ICD-9,870.0,100.0,11.5,Overall,0,0,0,0
125,2012,Overall,Overall,Riverside,ICD-9,110558.0,14965.0,13.5,Overall,0,0,0,0
126,2012,Overall,Overall,Sacramento,ICD-9,74683.0,10124.0,13.6,Overall,0,0,0,0
127,2012,Overall,Overall,San Benito,ICD-9,2595.0,314.0,12.1,Overall,0,0,0,0
128,2012,Overall,Overall,San Bernardino,ICD-9,104267.0,14826.0,14.2,Overall,0,0,0,0
129,2012,Overall,Overall,San Diego,ICD-9,154878.0,20519.0,13.2,Overall,0,0,0,0
130,2012,Overall,Overall,San Francisco,ICD-9,39423.0,5738.0,14.6,Overall,0,0,0,0
131,2012,Overall,Overall,San Joaquin,ICD-9,34783.0,4833.0,13.9,Overall,0,0,0,0
132,2012,Overall,Overall,San Luis Obispo,ICD-9,13129.0,1416.0,10.8,Overall,0,0,0,0
133,2012,Overall,Overall,San Mateo,ICD-9,29701.0,3652.0,12.3,Overall,0,0,0,0
134,2012,Overall,Overall,Santa Barbara,ICD-9,18375.0,1956.0,10.6,Overall,0,0,0,0
135,2012,Overall,Overall,Santa Clara,ICD-9,67166.0,8898.0,13.2,Overall,0,0,0,0
136,2012,Overall,Overall,Santa Cruz,ICD-9,11000.0,1236.0,11.2,Overall,0,0,0,0
137,2012,Overall,Overall,Shasta,ICD-9,13926.0,1615.0,11.6,Overall,0,0,0,0
138,2012,Overall,Overall,Sierra,ICD-9,127.0,18.0,14.2,Overall,0,0,0,0
139,2012,Overall,Overall,Siskiyou,ICD-9,2351.0,189.0,8.0,Overall,0,0,0,0
140,2012,Overall,Overall,Solano,ICD-9,20450.0,2812.0,13.8,Overall,0,0,0,0
141,2012,Overall,Overall,Sonoma,ICD-9,22853.0,2637.0,11.5,Overall,0,0,0,0
142,2012,Overall,Overall,Stanislaus,ICD-9,30191.0,4083.0,13.5,Overall,0,0,0,0
143,2012,Overall,Overall,Sutter,ICD-9,6078.0,766.0,12.6,Overall,0,0,0,0
144,2012,Overall,Overall,Tehama,ICD-9,3494.0,458.0,13.1,Overall,0,0,0,0
145,2012,Overall,Overall,Trinity,ICD-9,945.0,124.0,13.1,Overall,0,0,0,0
146,2012,Overall,Overall,Tulare,ICD-9,22013.0,2974.0,13.5,Overall,0,0,0,0
147,2012,Overall,Overall,Tuolumne,ICD-9,4012.0,503.0,12.5,Overall,0,0,0,0
148,2012,Overall,Overall,Ventura,ICD-9,40670.0,4831.0,11.9,Overall,0,0,0,0
149,2012,Overall,Overall,Yolo,ICD-9,7462.0,945.0,12.7,Overall,0,0,0,0
150,2012,Overall,Overall,Yuba,ICD-9,4898.0,685.0,14.0,Overall,0,0,0,0
151,2013,Overall,Overall,State,ICD-9,1861345.0,253497.0,13.6,Overall,0,0,0,0
152,2013,Age,18 to 44 years,State,ICD-9,301875.0,35056.0,11.6,0,18 to 44 years,0,0,0
153,2013,Age,45 to 64 years,State,ICD-9,624032.0,85059.0,13.6,0,45 to 64 years,0,0,0
154,2013,Age,65 years and above,State,ICD-9,935438.0,133382.0,14.3,0,65 years and above,0,0,0
155,2013,Sex,Male,State,ICD-9,880727.0,126320.0,14.3,0,0,Male,0,0
156,2013,Sex,Female,State,ICD-9,980618.0,127177.0,13.0,0,0,Female,0,0
157,2013,Race-Ethnicity,White,State,ICD-9,1055454.0,137269.0,13.0,0,0,0,White,0
158,2013,Race-Ethnicity,Hispanic,State,ICD-9,419755.0,57734.0,13.8,0,0,0,Hispanic,0
159,2013,Race-Ethnicity,African-American,State,ICD-9,176708.0,30804.0,17.4,0,0,0,African-American,0
160,2013,Race-Ethnicity,Asian/Pacific Islander,State,ICD-9,145024.0,19589.0,13.5,0,0,0,Asian/Pacific Islander,0
161,2013,Race-Ethnicity,Native American,State,ICD-9,5745.0,803.0,14.0,0,0,0,Native American,0
162,2013,Race-Ethnicity,Other/Unknown,State,ICD-9,58659.0,7298.0,12.4,0,0,0,Other/Unknown,0
163,2013,Expected Payer,MediCare,State,ICD-9,996331.0,150578.0,15.1,0,0,0,0,MediCare
164,2013,Expected Payer,Medi-Cal,State,ICD-9,248917.0,43643.0,17.5,0,0,0,0,Medi-Cal
165,2013,Expected Payer,Private,State,ICD-9,432777.0,41667.0,9.6,0,0,0,0,Private
166,2013,Expected Payer,Self-Pay,State,ICD-9,64227.0,5148.0,8.0,0,0,0,0,Self-Pay
167,2013,Expected Payer,Other,State,ICD-9,119093.0,12461.0,10.5,0,0,0,0,Other
168,2013,Overall,Overall,Alameda,ICD-9,67673.0,9761.0,14.4,Overall,0,0,0,0
169,2013,Overall,Overall,Alpine,ICD-9,9.0,0.0,0.0,Overall,0,0,0,0
170,2013,Overall,Overall,Amador,ICD-9,2616.0,357.0,13.6,Overall,0,0,0,0
171,2013,Overall,Overall,Butte,ICD-9,21019.0,3383.0,16.1,Overall,0,0,0,0
172,2013,Overall,Overall,Calaveras,ICD-9,3160.0,418.0,13.2,Overall,0,0,0,0
173,2013,Overall,Overall,Colusa,ICD-9,1054.0,128.0,12.1,Overall,0,0,0,0
174,2013,Overall,Overall,Contra Costa,ICD-9,54166.0,7369.0,13.6,Overall,0,0,0,0
175,2013,Overall,Overall,Del Norte,ICD-9,1424.0,193.0,13.6,Overall,0,0,0,0
176,2013,Overall,Overall,El Dorado,ICD-9,9982.0,1288.0,12.9,Overall,0,0,0,0
177,2013,Overall,Overall,Fresno,ICD-9,48385.0,6770.0,14.0,Overall,0,0,0,0
178,2013,Overall,Overall,Glenn,ICD-9,1695.0,238.0,14.0,Overall,0,0,0,0
179,2013,Overall,Overall,Humboldt,ICD-9,7185.0,754.0,10.5,Overall,0,0,0,0
180,2013,Overall,Overall,Imperial,ICD-9,8325.0,1189.0,14.3,Overall,0,0,0,0
181,2013,Overall,Overall,Inyo,ICD-9,722.0,34.0,4.7,Overall,0,0,0,0
182,2013,Overall,Overall,Kern,ICD-9,41048.0,5473.0,13.3,Overall,0,0,0,0
183,2013,Overall,Overall,Kings,ICD-9,6558.0,922.0,14.1,Overall,0,0,0,0
184,2013,Overall,Overall,Lake,ICD-9,5456.0,802.0,14.7,Overall,0,0,0,0
185,2013,Overall,Overall,Lassen,ICD-9,988.0,91.0,9.2,Overall,0,0,0,0
186,2013,Overall,Overall,Los Angeles,ICD-9,495144.0,73527.0,14.8,Overall,0,0,0,0
187,2013,Overall,Overall,Madera,ICD-9,6855.0,874.0,12.7,Overall,0,0,0,0
188,2013,Overall,Overall,Marin,ICD-9,11477.0,1220.0,10.6,Overall,0,0,0,0
189,2013,Overall,Overall,Mariposa,ICD-9,1016.0,106.0,10.4,Overall,0,0,0,0
190,2013,Overall,Overall,Mendocino,ICD-9,5355.0,612.0,11.4,Overall,0,0,0,0
191,2013,Overall,Overall,Merced,ICD-9,11581.0,1614.0,13.9,Overall,0,0,0,0
192,2013,Overall,Overall,Modoc,ICD-9,365.0,41.0,11.2,Overall,0,0,0,0
193,2013,Overall,Overall,Mono,ICD-9,249.0,15.0,6.0,Overall,0,0,0,0
194,2013,Overall,Overall,Monterey,ICD-9,17588.0,2002.0,11.4,Overall,0,0,0,0
195,2013,Overall,Overall,Napa,ICD-9,7829.0,1068.0,13.6,Overall,0,0,0,0
196,2013,Overall,Overall,Nevada,ICD-9,5831.0,774.0,13.3,Overall,0,0,0,0
197,2013,Overall,Overall,Orange,ICD-9,133419.0,17189.0,12.9,Overall,0,0,0,0
198,2013,Overall,Overall,Placer,ICD-9,18470.0,2139.0,11.6,Overall,0,0,0,0
199,2013,Overall,Overall,Plumas,ICD-9,828.0,92.0,11.1,Overall,0,0,0,0
200,2013,Overall,Overall,Riverside,ICD-9,110940.0,14914.0,13.4,Overall,0,0,0,0
201,2013,Overall,Overall,Sacramento,ICD-9,77051.0,10602.0,13.8,Overall,0,0,0,0
202,2013,Overall,Overall,San Benito,ICD-9,2616.0,335.0,12.8,Overall,0,0,0,0
203,2013,Overall,Overall,San Bernardino,ICD-9,104088.0,14890.0,14.3,Overall,0,0,0,0
204,2013,Overall,Overall,San Diego,ICD-9,152109.0,19775.0,13.0,Overall,0,0,0,0
205,2013,Overall,Overall,San Francisco,ICD-9,38608.0,5708.0,14.8,Overall,0,0,0,0
206,2013,Overall,Overall,San Joaquin,ICD-9,34379.0,4705.0,13.7,Overall,0,0,0,0
207,2013,Overall,Overall,San Luis Obispo,ICD-9,12778.0,1335.0,10.4,Overall,0,0,0,0
208,2013,Overall,Overall,San Mateo,ICD-9,29190.0,3583.0,12.3,Overall,0,0,0,0
209,2013,Overall,Overall,Santa Barbara,ICD-9,18594.0,1995.0,10.7,Overall,0,0,0,0
210,2013,Overall,Overall,Santa Clara,ICD-9,67810.0,8985.0,13.3,Overall,0,0,0,0
211,2013,Overall,Overall,Santa Cruz,ICD-9,10453.0,1058.0,10.1,Overall,0,0,0,0
212,2013,Overall,Overall,Shasta,ICD-9,13737.0,1449.0,10.5,Overall,0,0,0,0
213,2013,Overall,Overall,Sierra,ICD-9,94.0,9.0,9.6,Overall,0,0,0,0
214,2013,Overall,Overall,Siskiyou,ICD-9,2459.0,249.0,10.1,Overall,0,0,0,0
215,2013,Overall,Overall,Solano,ICD-9,20395.0,2736.0,13.4,Overall,0,0,0,0
216,2013,Overall,Overall,Sonoma,ICD-9,22136.0,2515.0,11.4,Overall,0,0,0,0
217,2013,Overall,Overall,Stanislaus,ICD-9,29926.0,4109.0,13.7,Overall,0,0,0,0
218,2013,Overall,Overall,Sutter,ICD-9,6109.0,802.0,13.1,Overall,0,0,0,0
219,2013,Overall,Overall,Tehama,ICD-9,3460.0,445.0,12.9,Overall,0,0,0,0
220,2013,Overall,Overall,Trinity,ICD-9,931.0,125.0,13.4,Overall,0,0,0,0
221,2013,Overall,Overall,Tulare,ICD-9,20826.0,2686.0,12.9,Overall,0,0,0,0
222,2013,Overall,Overall,Tuolumne,ICD-9,4050.0,530.0,13.1,Overall,0,0,0,0
223,2013,Overall,Overall,Ventura,ICD-9,38847.0,4814.0,12.4,Overall,0,0,0,0
224,2013,Overall,Overall,Yolo,ICD-9,7225.0,904.0,12.5,Overall,0,0,0,0
225,2013,Overall,Overall,Yuba,ICD-9,4804.0,683.0,14.2,Overall,0,0,0,0
226,2014,Overall,Overall,State,ICD-9,1831817.0,248714.0,13.6,Overall,0,0,0,0
227,2014,Age,18 to 44 years,State,ICD-9,297297.0,34881.0,11.7,0,18 to 44 years,0,0,0
228,2014,Age,45 to 64 years,State,ICD-9,623743.0,84969.0,13.6,0,45 to 64 years,0,0,0
229,2014,Age,65 years and above,State,ICD-9,910777.0,128864.0,14.1,0,65 years and above,0,0,0
230,2014,Sex,Male,State,ICD-9,872476.0,124726.0,14.3,0,0,Male,0,0
231,2014,Sex,Female,State,ICD-9,959341.0,123988.0,12.9,0,0,Female,0,0
232,2014,Race-Ethnicity,White,State,ICD-9,1025747.0,133419.0,13.0,0,0,0,White,0
233,2014,Race-Ethnicity,Hispanic,State,ICD-9,416091.0,56201.0,13.5,0,0,0,Hispanic,0
234,2014,Race-Ethnicity,African-American,State,ICD-9,177701.0,31259.0,17.6,0,0,0,African-American,0
235,2014,Race-Ethnicity,Asian/Pacific Islander,State,ICD-9,144113.0,19175.0,13.3,0,0,0,Asian/Pacific Islander,0
236,2014,Race-Ethnicity,Native American,State,ICD-9,5741.0,791.0,13.8,0,0,0,Native American,0
237,2014,Race-Ethnicity,Other/Unknown,State,ICD-9,62424.0,7869.0,12.6,0,0,0,Other/Unknown,0
238,2014,Expected Payer,MediCare,State,ICD-9,970341.0,145784.0,15.0,0,0,0,0,MediCare
239,2014,Expected Payer,Medi-Cal,State,ICD-9,364154.0,56168.0,15.4,0,0,0,0,Medi-Cal
240,2014,Expected Payer,Private,State,ICD-9,415763.0,39775.0,9.6,0,0,0,0,Private
241,2014,Expected Payer,Self-Pay,State,ICD-9,31122.0,2131.0,6.8,0,0,0,0,Self-Pay
242,2014,Expected Payer,Other,State,ICD-9,50437.0,4856.0,9.6,0,0,0,0,Other
243,2014,Overall,Overall,Alameda,ICD-9,65219.0,9398.0,14.4,Overall,0,0,0,0
244,2014,Overall,Overall,Alpine,ICD-9,11.0,0.0,0.0,Overall,0,0,0,0
245,2014,Overall,Overall,Amador,ICD-9,2599.0,319.0,12.3,Overall,0,0,0,0
246,2014,Overall,Overall,Butte,ICD-9,21081.0,3558.0,16.9,Overall,0,0,0,0
247,2014,Overall,Overall,Calaveras,ICD-9,2901.0,387.0,13.3,Overall,0,0,0,0
248,2014,Overall,Overall,Colusa,ICD-9,1039.0,144.0,13.9,Overall,0,0,0,0
249,2014,Overall,Overall,Contra Costa,ICD-9,52940.0,7257.0,13.7,Overall,0,0,0,0
250,2014,Overall,Overall,Del Norte,ICD-9,1352.0,162.0,12.0,Overall,0,0,0,0
251,2014,Overall,Overall,El Dorado,ICD-9,9331.0,1102.0,11.8,Overall,0,0,0,0
252,2014,Overall,Overall,Fresno,ICD-9,46943.0,6283.0,13.4,Overall,0,0,0,0
253,2014,Overall,Overall,Glenn,ICD-9,1898.0,272.0,14.3,Overall,0,0,0,0
254,2014,Overall,Overall,Humboldt,ICD-9,7543.0,821.0,10.9,Overall,0,0,0,0
255,2014,Overall,Overall,Imperial,ICD-9,7519.0,1046.0,13.9,Overall,0,0,0,0
256,2014,Overall,Overall,Inyo,ICD-9,834.0,64.0,7.7,Overall,0,0,0,0
257,2014,Overall,Overall,Kern,ICD-9,40730.0,5474.0,13.4,Overall,0,0,0,0
258,2014,Overall,Overall,Kings,ICD-9,6126.0,761.0,12.4,Overall,0,0,0,0
259,2014,Overall,Overall,Lake,ICD-9,5053.0,771.0,15.3,Overall,0,0,0,0
260,2014,Overall,Overall,Lassen,ICD-9,1028.0,129.0,12.5,Overall,0,0,0,0
261,2014,Overall,Overall,Los Angeles,ICD-9,489218.0,72658.0,14.9,Overall,0,0,0,0
262,2014,Overall,Overall,Madera,ICD-9,6780.0,835.0,12.3,Overall,0,0,0,0
263,2014,Overall,Overall,Marin,ICD-9,10679.0,1167.0,10.9,Overall,0,0,0,0
264,2014,Overall,Overall,Mariposa,ICD-9,1089.0,147.0,13.5,Overall,0,0,0,0
265,2014,Overall,Overall,Mendocino,ICD-9,5164.0,590.0,11.4,Overall,0,0,0,0
266,2014,Overall,Overall,Merced,ICD-9,11433.0,1530.0,13.4,Overall,0,0,0,0
267,2014,Overall,Overall,Modoc,ICD-9,322.0,25.0,7.8,Overall,0,0,0,0
268,2014,Overall,Overall,Mono,ICD-9,270.0,33.0,12.2,Overall,0,0,0,0
269,2014,Overall,Overall,Monterey,ICD-9,16384.0,1666.0,10.2,Overall,0,0,0,0
270,2014,Overall,Overall,Napa,ICD-9,7288.0,932.0,12.8,Overall,0,0,0,0
271,2014,Overall,Overall,Nevada,ICD-9,5736.0,711.0,12.4,Overall,0,0,0,0
272,2014,Overall,Overall,Orange,ICD-9,130679.0,16685.0,12.8,Overall,0,0,0,0
273,2014,Overall,Overall,Placer,ICD-9,17446.0,1973.0,11.3,Overall,0,0,0,0
274,2014,Overall,Overall,Plumas,ICD-9,854.0,120.0,14.1,Overall,0,0,0,0
275,2014,Overall,Overall,Riverside,ICD-9,111062.0,14744.0,13.3,Overall,0,0,0,0
276,2014,Overall,Overall,Sacramento,ICD-9,78028.0,10662.0,13.7,Overall,0,0,0,0
277,2014,Overall,Overall,San Benito,ICD-9,2594.0,325.0,12.5,Overall,0,0,0,0
278,2014,Overall,Overall,San Bernardino,ICD-9,101796.0,14251.0,14.0,Overall,0,0,0,0
279,2014,Overall,Overall,San Diego,ICD-9,150420.0,19696.0,13.1,Overall,0,0,0,0
280,2014,Overall,Overall,San Francisco,ICD-9,37820.0,5785.0,15.3,Overall,0,0,0,0
281,2014,Overall,Overall,San Joaquin,ICD-9,36070.0,4990.0,13.8,Overall,0,0,0,0
282,2014,Overall,Overall,San Luis Obispo,ICD-9,12268.0,1316.0,10.7,Overall,0,0,0,0
283,2014,Overall,Overall,San Mateo,ICD-9,27209.0,3434.0,12.6,Overall,0,0,0,0
284,2014,Overall,Overall,Santa Barbara,ICD-9,18621.0,1965.0,10.6,Overall,0,0,0,0
285,2014,Overall,Overall,Santa Clara,ICD-9,65778.0,8641.0,13.1,Overall,0,0,0,0
286,2014,Overall,Overall,Santa Cruz,ICD-9,10498.0,1078.0,10.3,Overall,0,0,0,0
287,2014,Overall,Overall,Shasta,ICD-9,13566.0,1462.0,10.8,Overall,0,0,0,0
288,2014,Overall,Overall,Sierra,ICD-9,127.0,10.0,7.9,Overall,0,0,0,0
289,2014,Overall,Overall,Siskiyou,ICD-9,2143.0,203.0,9.5,Overall,0,0,0,0
290,2014,Overall,Overall,Solano,ICD-9,19610.0,2685.0,13.7,Overall,0,0,0,0
291,2014,Overall,Overall,Sonoma,ICD-9,21862.0,2540.0,11.6,Overall,0,0,0,0
292,2014,Overall,Overall,Stanislaus,ICD-9,30096.0,4036.0,13.4,Overall,0,0,0,0
293,2014,Overall,Overall,Sutter,ICD-9,5555.0,724.0,13.0,Overall,0,0,0,0
294,2014,Overall,Overall,Tehama,ICD-9,3368.0,420.0,12.5,Overall,0,0,0,0
295,2014,Overall,Overall,Trinity,ICD-9,889.0,122.0,13.7,Overall,0,0,0,0
296,2014,Overall,Overall,Tulare,ICD-9,20841.0,2622.0,12.6,Overall,0,0,0,0
297,2014,Overall,Overall,Tuolumne,ICD-9,3973.0,505.0,12.7,Overall,0,0,0,0
298,2014,Overall,Overall,Ventura,ICD-9,38377.0,4630.0,12.1,Overall,0,0,0,0
299,2014,Overall,Overall,Yolo,ICD-9,7365.0,829.0,11.3,Overall,0,0,0,0
300,2014,Overall,Overall,Yuba,ICD-9,4585.0,707.0,15.4,Overall,0,0,0,0
301,2015,Overall,Overall,State,ICD-9,1405652.0,190134.0,13.53,Overall,0,0,0,0
302,2015,Age,18 to 44 years,State,ICD-9,224205.0,26273.0,11.72,0,18 to 44 years,0,0,0
303,2015,Age,45 to 64 years,State,ICD-9,471180.0,64617.0,13.71,0,45 to 64 years,0,0,0
304,2015,Age,65 years and above,State,ICD-9,710267.0,99244.0,13.97,0,65 years and above,0,0,0
305,2015,Sex,Male,State,ICD-9,673048.0,95720.0,14.22,0,0,Male,0,0
306,2015,Sex,Female,State,ICD-9,732603.0,94414.0,12.89,0,0,Female,0,0
307,2015,Race-Ethnicity,White,State,ICD-9,775900.0,100644.0,12.97,0,0,0,White,0
308,2015,Race-Ethnicity,Hispanic,State,ICD-9,322838.0,43565.0,13.49,0,0,0,Hispanic,0
309,2015,Race-Ethnicity,African-American,State,ICD-9,136249.0,23774.0,17.45,0,0,0,African-American,0
310,2015,Race-Ethnicity,Asian/Pacific Islander,State,ICD-9,114847.0,14968.0,13.03,0,0,0,Asian/Pacific Islander,0
311,2015,Race-Ethnicity,Native American,State,ICD-9,4349.0,571.0,13.13,0,0,0,Native American,0
312,2015,Race-Ethnicity,Other/Unknown,State,ICD-9,51469.0,6612.0,12.85,0,0,0,Other/Unknown,0
313,2015,Expected Payer,MediCare,State,ICD-9,754450.0,112694.0,14.94,0,0,0,0,MediCare
314,2015,Expected Payer,Medi-Cal,State,ICD-9,289672.0,43044.0,14.86,0,0,0,0,Medi-Cal
315,2015,Expected Payer,Private,State,ICD-9,309116.0,29820.0,9.65,0,0,0,0,Private
316,2015,Expected Payer,Self-Pay,State,ICD-9,16879.0,1372.0,8.13,0,0,0,0,Self-Pay
317,2015,Expected Payer,Other,State,ICD-9,35535.0,3204.0,9.02,0,0,0,0,Other
318,2015,Overall,Overall,Alameda,ICD-9,49269.0,6917.0,14.04,Overall,0,0,0,0
319,2015,Overall,Overall,Alpine,ICD-9,9.0,0.0,0.0,Overall,0,0,0,0
320,2015,Overall,Overall,Amador,ICD-9,2124.0,282.0,13.28,Overall,0,0,0,0
321,2015,Overall,Overall,Butte,ICD-9,16661.0,2907.0,17.45,Overall,0,0,0,0
322,2015,Overall,Overall,Calaveras,ICD-9,2174.0,269.0,12.37,Overall,0,0,0,0
323,2015,Overall,Overall,Colusa,ICD-9,757.0,83.0,10.96,Overall,0,0,0,0
324,2015,Overall,Overall,Contra Costa,ICD-9,41392.0,5752.0,13.9,Overall,0,0,0,0
325,2015,Overall,Overall,Del Norte,ICD-9,889.0,94.0,10.57,Overall,0,0,0,0
326,2015,Overall,Overall,El Dorado,ICD-9,7038.0,809.0,11.49,Overall,0,0,0,0
327,2015,Overall,Overall,Fresno,ICD-9,36503.0,5072.0,13.89,Overall,0,0,0,0
328,2015,Overall,Overall,Glenn,ICD-9,1401.0,162.0,11.56,Overall,0,0,0,0
329,2015,Overall,Overall,Humboldt,ICD-9,5666.0,568.0,10.02,Overall,0,0,0,0
330,2015,Overall,Overall,Imperial,ICD-9,5769.0,779.0,13.5,Overall,0,0,0,0
331,2015,Overall,Overall,Inyo,ICD-9,637.0,60.0,9.42,Overall,0,0,0,0
332,2015,Overall,Overall,Kern,ICD-9,30391.0,3770.0,12.4,Overall,0,0,0,0
333,2015,Overall,Overall,Kings,ICD-9,4683.0,606.0,12.94,Overall,0,0,0,0
334,2015,Overall,Overall,Lake,ICD-9,3891.0,520.0,13.36,Overall,0,0,0,0
335,2015,Overall,Overall,Lassen,ICD-9,751.0,78.0,10.39,Overall,0,0,0,0
336,2015,Overall,Overall,Los Angeles,ICD-9,374849.0,55914.0,14.92,Overall,0,0,0,0
337,2015,Overall,Overall,Madera,ICD-9,5174.0,656.0,12.68,Overall,0,0,0,0
338,2015,Overall,Overall,Marin,ICD-9,8072.0,878.0,10.88,Overall,0,0,0,0
339,2015,Overall,Overall,Mariposa,ICD-9,854.0,113.0,13.23,Overall,0,0,0,0
340,2015,Overall,Overall,Mendocino,ICD-9,3816.0,460.0,12.05,Overall,0,0,0,0
341,2015,Overall,Overall,Merced,ICD-9,9474.0,1274.0,13.45,Overall,0,0,0,0
342,2015,Overall,Overall,Modoc,ICD-9,265.0,24.0,9.06,Overall,0,0,0,0
343,2015,Overall,Overall,Mono,ICD-9,193.0,11.0,5.7,Overall,0,0,0,0
344,2015,Overall,Overall,Monterey,ICD-9,12919.0,1353.0,10.47,Overall,0,0,0,0
345,2015,Overall,Overall,Napa,ICD-9,5362.0,697.0,13.0,Overall,0,0,0,0
346,2015,Overall,Overall,Nevada,ICD-9,4384.0,570.0,13.0,Overall,0,0,0,0
347,2015,Overall,Overall,Orange,ICD-9,100168.0,12602.0,12.58,Overall,0,0,0,0
348,2015,Overall,Overall,Placer,ICD-9,12961.0,1452.0,11.2,Overall,0,0,0,0
349,2015,Overall,Overall,Plumas,ICD-9,694.0,67.0,9.65,Overall,0,0,0,0
350,2015,Overall,Overall,Riverside,ICD-9,86333.0,11733.0,13.59,Overall,0,0,0,0
351,2015,Overall,Overall,Sacramento,ICD-9,59197.0,8068.0,13.63,Overall,0,0,0,0
352,2015,Overall,Overall,San Benito,ICD-9,1935.0,231.0,11.94,Overall,0,0,0,0
353,2015,Overall,Overall,San Bernardino,ICD-9,75949.0,10305.0,13.57,Overall,0,0,0,0
354,2015,Overall,Overall,San Diego,ICD-9,115410.0,15086.0,13.07,Overall,0,0,0,0
355,2015,Overall,Overall,San Francisco,ICD-9,28548.0,3963.0,13.88,Overall,0,0,0,0
356,2015,Overall,Overall,San Joaquin,ICD-9,26778.0,3453.0,12.89,Overall,0,0,0,0
357,2015,Overall,Overall,San Luis Obispo,ICD-9,9677.0,1020.0,10.54,Overall,0,0,0,0
358,2015,Overall,Overall,San Mateo,ICD-9,21159.0,2730.0,12.9,Overall,0,0,0,0
359,2015,Overall,Overall,Santa Barbara,ICD-9,14130.0,1574.0,11.14,Overall,0,0,0,0
360,2015,Overall,Overall,Santa Clara,ICD-9,51175.0,6733.0,13.16,Overall,0,0,0,0
361,2015,Overall,Overall,Santa Cruz,ICD-9,8197.0,885.0,10.8,Overall,0,0,0,0
362,2015,Overall,Overall,Shasta,ICD-9,10130.0,1031.0,10.18,Overall,0,0,0,0
363,2015,Overall,Overall,Sierra,ICD-9,85.0,5.0,5.88,Overall,0,0,0,0
364,2015,Overall,Overall,Siskiyou,ICD-9,1724.0,168.0,9.74,Overall,0,0,0,0
365,2015,Overall,Overall,Solano,ICD-9,14646.0,1964.0,13.41,Overall,0,0,0,0
366,2015,Overall,Overall,Sonoma,ICD-9,17382.0,2014.0,11.59,Overall,0,0,0,0
367,2015,Overall,Overall,Stanislaus,ICD-9,23119.0,3075.0,13.3,Overall,0,0,0,0
368,2015,Overall,Overall,Sutter,ICD-9,4325.0,544.0,12.58,Overall,0,0,0,0
369,2015,Overall,Overall,Tehama,ICD-9,2602.0,325.0,12.49,Overall,0,0,0,0
370,2015,Overall,Overall,Trinity,ICD-9,709.0,100.0,14.1,Overall,0,0,0,0
371,2015,Overall,Overall,Tulare,ICD-9,16424.0,2243.0,13.66,Overall,0,0,0,0
372,2015,Overall,Overall,Tuolumne,ICD-9,3144.0,410.0,13.04,Overall,0,0,0,0
373,2015,Overall,Overall,Ventura,ICD-9,30175.0,3862.0,12.8,Overall,0,0,0,0
374,2015,Overall,Overall,Yolo,ICD-9,5852.0,726.0,12.41,Overall,0,0,0,0
375,2015,Overall,Overall,Yuba,ICD-9,3521.0,527.0,14.97,Overall,0,0,0,0
376,2016,Overall,Overall,State,ICD-10,1877198.0,271871.0,14.48,Overall,0,0,0,0
377,2016,Age,18 to 44 years,State,ICD-10,293632.0,35595.0,12.12,0,18 to 44 years,0,0,0
378,2016,Age,45 to 64 years,State,ICD-10,626524.0,92315.0,14.73,0,45 to 64 years,0,0,0
379,2016,Age,65 years and above,State,ICD-10,957042.0,143961.0,15.04,0,65 years and above,0,0,0
380,2016,Sex,Male,State,ICD-10,910008.0,139661.0,15.35,0,0,Male,0,0
381,2016,Sex,Female,State,ICD-10,967172.0,132208.0,13.67,0,0,Female,0,0
382,2016,Race-Ethnicity,White,State,ICD-10,1032282.0,143721.0,13.92,0,0,0,White,0
383,2016,Race-Ethnicity,Hispanic,State,ICD-10,432751.0,62673.0,14.48,0,0,0,Hispanic,0
384,2016,Race-Ethnicity,African-American,State,ICD-10,180302.0,32780.0,18.18,0,0,0,African-American,0
385,2016,Race-Ethnicity,Asian/Pacific Islander,State,ICD-10,154342.0,21573.0,13.98,0,0,0,Asian/Pacific Islander,0
386,2016,Race-Ethnicity,Native American,State,ICD-10,6156.0,1082.0,17.58,0,0,0,Native American,0
387,2016,Race-Ethnicity,Other/Unknown,State,ICD-10,71365.0,10042.0,14.07,0,0,0,Other/Unknown,0
388,2016,Expected Payer,MediCare,State,ICD-10,1016129.0,162152.0,15.96,0,0,0,0,MediCare
389,2016,Expected Payer,Medi-Cal,State,ICD-10,395694.0,61921.0,15.65,0,0,0,0,Medi-Cal
390,2016,Expected Payer,Private,State,ICD-10,401717.0,41734.0,10.39,0,0,0,0,Private
391,2016,Expected Payer,Self-Pay,State,ICD-10,20467.0,1698.0,8.3,0,0,0,0,Self-Pay
392,2016,Expected Payer,Other,State,ICD-10,43191.0,4366.0,10.11,0,0,0,0,Other
393,2016,Overall,Overall,Alameda,ICD-10,65203.0,9759.0,14.97,Overall,0,0,0,0
394,2016,Overall,Overall,Alpine,ICD-10,21.0,1.0,4.76,Overall,0,0,0,0
395,2016,Overall,Overall,Amador,ICD-10,2814.0,390.0,13.86,Overall,0,0,0,0
396,2016,Overall,Overall,Butte,ICD-10,22675.0,4041.0,17.82,Overall,0,0,0,0
397,2016,Overall,Overall,Calaveras,ICD-10,2868.0,400.0,13.95,Overall,0,0,0,0
398,2016,Overall,Overall,Colusa,ICD-10,971.0,121.0,12.46,Overall,0,0,0,0
399,2016,Overall,Overall,Contra Costa,ICD-10,52750.0,7662.0,14.53,Overall,0,0,0,0
400,2016,Overall,Overall,Del Norte,ICD-10,1238.0,125.0,10.1,Overall,0,0,0,0
401,2016,Overall,Overall,El Dorado,ICD-10,10298.0,1418.0,13.77,Overall,0,0,0,0
402,2016,Overall,Overall,Fresno,ICD-10,50589.0,8296.0,16.4,Overall,0,0,0,0
403,2016,Overall,Overall,Glenn,ICD-10,1935.0,281.0,14.52,Overall,0,0,0,0
404,2016,Overall,Overall,Humboldt,ICD-10,7804.0,937.0,12.01,Overall,0,0,0,0
405,2016,Overall,Overall,Imperial,ICD-10,7981.0,1198.0,15.01,Overall,0,0,0,0
406,2016,Overall,Overall,Inyo,ICD-10,757.0,77.0,10.17,Overall,0,0,0,0
407,2016,Overall,Overall,Kern,ICD-10,41749.0,5561.0,13.32,Overall,0,0,0,0
408,2016,Overall,Overall,Kings,ICD-10,6718.0,1030.0,15.33,Overall,0,0,0,0
409,2016,Overall,Overall,Lake,ICD-10,5375.0,845.0,15.72,Overall,0,0,0,0
410,2016,Overall,Overall,Lassen,ICD-10,856.0,96.0,11.21,Overall,0,0,0,0
411,2016,Overall,Overall,Los Angeles,ICD-10,493868.0,77874.0,15.77,Overall,0,0,0,0
412,2016,Overall,Overall,Madera,ICD-10,6997.0,1059.0,15.14,Overall,0,0,0,0
413,2016,Overall,Overall,Marin,ICD-10,11232.0,1321.0,11.76,Overall,0,0,0,0
414,2016,Overall,Overall,Mariposa,ICD-10,1117.0,154.0,13.79,Overall,0,0,0,0
415,2016,Overall,Overall,Mendocino,ICD-10,5158.0,666.0,12.91,Overall,0,0,0,0
416,2016,Overall,Overall,Merced,ICD-10,13467.0,2087.0,15.5,Overall,0,0,0,0
417,2016,Overall,Overall,Modoc,ICD-10,314.0,29.0,9.24,Overall,0,0,0,0
418,2016,Overall,Overall,Mono,ICD-10,308.0,31.0,10.06,Overall,0,0,0,0
419,2016,Overall,Overall,Monterey,ICD-10,17789.0,2066.0,11.61,Overall,0,0,0,0
420,2016,Overall,Overall,Napa,ICD-10,7363.0,1002.0,13.61,Overall,0,0,0,0
421,2016,Overall,Overall,Nevada,ICD-10,5671.0,807.0,14.23,Overall,0,0,0,0
422,2016,Overall,Overall,Orange,ICD-10,133527.0,17983.0,13.47,Overall,0,0,0,0
423,2016,Overall,Overall,Placer,ICD-10,18698.0,2180.0,11.66,Overall,0,0,0,0
424,2016,Overall,Overall,Plumas,ICD-10,907.0,107.0,11.8,Overall,0,0,0,0
425,2016,Overall,Overall,Riverside,ICD-10,113451.0,16431.0,14.48,Overall,0,0,0,0
426,2016,Overall,Overall,Sacramento,ICD-10,77797.0,11095.0,14.26,Overall,0,0,0,0
427,2016,Overall,Overall,San Benito,ICD-10,2505.0,306.0,12.22,Overall,0,0,0,0
428,2016,Overall,Overall,San Bernardino,ICD-10,104398.0,15630.0,14.97,Overall,0,0,0,0
429,2016,Overall,Overall,San Diego,ICD-10,151703.0,20891.0,13.77,Overall,0,0,0,0
430,2016,Overall,Overall,San Francisco,ICD-10,37697.0,5583.0,14.81,Overall,0,0,0,0
431,2016,Overall,Overall,San Joaquin,ICD-10,36298.0,5369.0,14.79,Overall,0,0,0,0
432,2016,Overall,Overall,San Luis Obispo,ICD-10,12941.0,1502.0,11.61,Overall,0,0,0,0
433,2016,Overall,Overall,San Mateo,ICD-10,27003.0,3461.0,12.82,Overall,0,0,0,0
434,2016,Overall,Overall,Santa Barbara,ICD-10,19086.0,2236.0,11.72,Overall,0,0,0,0
435,2016,Overall,Overall,Santa Clara,ICD-10,68322.0,9691.0,14.18,Overall,0,0,0,0
436,2016,Overall,Overall,Santa Cruz,ICD-10,10584.0,1171.0,11.06,Overall,0,0,0,0
437,2016,Overall,Overall,Shasta,ICD-10,14114.0,1675.0,11.87,Overall,0,0,0,0
438,2016,Overall,Overall,Sierra,ICD-10,132.0,15.0,11.36,Overall,0,0,0,0
439,2016,Overall,Overall,Siskiyou,ICD-10,2269.0,233.0,10.27,Overall,0,0,0,0
440,2016,Overall,Overall,Solano,ICD-10,21124.0,3069.0,14.53,Overall,0,0,0,0
441,2016,Overall,Overall,Sonoma,ICD-10,23675.0,2898.0,12.24,Overall,0,0,0,0
442,2016,Overall,Overall,Stanislaus,ICD-10,30756.0,4167.0,13.55,Overall,0,0,0,0
443,2016,Overall,Overall,Sutter,ICD-10,5796.0,816.0,14.08,Overall,0,0,0,0
444,2016,Overall,Overall,Tehama,ICD-10,3645.0,482.0,13.22,Overall,0,0,0,0
445,2016,Overall,Overall,Trinity,ICD-10,888.0,110.0,12.39,Overall,0,0,0,0
446,2016,Overall,Overall,Tulare,ICD-10,21561.0,3136.0,14.54,Overall,0,0,0,0
447,2016,Overall,Overall,Tuolumne,ICD-10,3887.0,582.0,14.97,Overall,0,0,0,0
448,2016,Overall,Overall,Ventura,ICD-10,40230.0,5489.0,13.64,Overall,0,0,0,0
449,2016,Overall,Overall,Yolo,ICD-10,8078.0,1083.0,13.41,Overall,0,0,0,0
450,2016,Overall,Overall,Yuba,ICD-10,4758.0,731.0,15.36,Overall,0,0,0,0
451,2017,Overall,Overall,State,ICD-10,1882970.0,274920.0,14.6,Overall,0,0,0,0
452,2017,Age,18 to 44 years,State,ICD-10,285406.0,35961.0,12.6,0,18 to 44 years,0,0,0
453,2017,Age,45 to 64 years,State,ICD-10,611131.0,90987.0,14.89,0,45 to 64 years,0,0,0
454,2017,Age,65 years and above,State,ICD-10,986433.0,147972.0,15.0,0,65 years and above,0,0,0
455,2017,Sex,Female,State,ICD-10,964335.0,133017.0,13.79,0,0,Female,0,0
456,2017,Sex,Male,State,ICD-10,918635.0,141903.0,15.45,0,0,Male,0,0
457,2017,Race-Ethnicity,African-American,State,ICD-10,177645.0,33032.0,18.59,0,0,0,African-American,0
458,2017,Race-Ethnicity,Asian/Pacific Islander,State,ICD-10,156473.0,22034.0,14.08,0,0,0,Asian/Pacific Islander,0
459,2017,Race-Ethnicity,Hispanic,State,ICD-10,442597.0,65083.0,14.7,0,0,0,Hispanic,0
460,2017,Race-Ethnicity,Native American,State,ICD-10,6269.0,1027.0,16.38,0,0,0,Native American,0
461,2017,Race-Ethnicity,Other/Unknown,State,ICD-10,78602.0,10982.0,13.97,0,0,0,Other/Unknown,0
462,2017,Race-Ethnicity,White,State,ICD-10,1021384.0,142762.0,13.98,0,0,0,White,0
463,2017,Expected Payer,Medi-Cal,State,ICD-10,391220.0,61700.0,15.77,0,0,0,0,Medi-Cal
464,2017,Expected Payer,MediCare,State,ICD-10,1037090.0,164931.0,15.9,0,0,0,0,MediCare
465,2017,Expected Payer,Other,State,ICD-10,42158.0,4514.0,10.71,0,0,0,0,Other
466,2017,Expected Payer,Private,State,ICD-10,392007.0,42024.0,10.72,0,0,0,0,Private
467,2017,Expected Payer,Self-Pay,State,ICD-10,20495.0,1751.0,8.54,0,0,0,0,Self-Pay
468,2017,Overall,Overall,Alameda,ICD-10,64950.0,9676.0,14.9,Overall,0,0,0,0
469,2017,Overall,Overall,Alpine,ICD-10,9.0,0.0,0.0,Overall,0,0,0,0
470,2017,Overall,Overall,Amador,ICD-10,2970.0,405.0,13.64,Overall,0,0,0,0
471,2017,Overall,Overall,Butte,ICD-10,23283.0,4406.0,18.92,Overall,0,0,0,0
472,2017,Overall,Overall,Calaveras,ICD-10,2997.0,399.0,13.31,Overall,0,0,0,0
473,2017,Overall,Overall,Colusa,ICD-10,988.0,124.0,12.55,Overall,0,0,0,0
474,2017,Overall,Overall,Contra Costa,ICD-10,53095.0,8016.0,15.1,Overall,0,0,0,0
475,2017,Overall,Overall,Del Norte,ICD-10,1390.0,161.0,11.58,Overall,0,0,0,0
476,2017,Overall,Overall,El Dorado,ICD-10,10457.0,1457.0,13.93,Overall,0,0,0,0
477,2017,Overall,Overall,Fresno,ICD-10,49058.0,7239.0,14.76,Overall,0,0,0,0
478,2017,Overall,Overall,Glenn,ICD-10,1957.0,290.0,14.82,Overall,0,0,0,0
479,2017,Overall,Overall,Humboldt,ICD-10,7593.0,919.0,12.1,Overall,0,0,0,0
480,2017,Overall,Overall,Imperial,ICD-10,8276.0,1240.0,14.98,Overall,0,0,0,0
481,2017,Overall,Overall,Inyo,ICD-10,838.0,79.0,9.43,Overall,0,0,0,0
482,2017,Overall,Overall,Kern,ICD-10,41270.0,5728.0,13.88,Overall,0,0,0,0
483,2017,Overall,Overall,Kings,ICD-10,6417.0,945.0,14.73,Overall,0,0,0,0
484,2017,Overall,Overall,Lake,ICD-10,5354.0,853.0,15.93,Overall,0,0,0,0
485,2017,Overall,Overall,Lassen,ICD-10,831.0,69.0,8.3,Overall,0,0,0,0
486,2017,Overall,Overall,Los Angeles,ICD-10,481784.0,75361.0,15.64,Overall,0,0,0,0
487,2017,Overall,Overall,Madera,ICD-10,6784.0,931.0,13.72,Overall,0,0,0,0
488,2017,Overall,Overall,Marin,ICD-10,11379.0,1412.0,12.41,Overall,0,0,0,0
489,2017,Overall,Overall,Mariposa,ICD-10,1184.0,167.0,14.1,Overall,0,0,0,0
490,2017,Overall,Overall,Mendocino,ICD-10,5348.0,681.0,12.73,Overall,0,0,0,0
491,2017,Overall,Overall,Merced,ICD-10,14017.0,2182.0,15.57,Overall,0,0,0,0
492,2017,Overall,Overall,Modoc,ICD-10,349.0,42.0,12.03,Overall,0,0,0,0
493,2017,Overall,Overall,Mono,ICD-10,280.0,22.0,7.86,Overall,0,0,0,0
494,2017,Overall,Overall,Monterey,ICD-10,18362.0,2179.0,11.87,Overall,0,0,0,0
495,2017,Overall,Overall,Napa,ICD-10,7243.0,1000.0,13.81,Overall,0,0,0,0
496,2017,Overall,Overall,Nevada,ICD-10,5666.0,778.0,13.73,Overall,0,0,0,0
497,2017,Overall,Overall,Orange,ICD-10,132179.0,17820.0,13.48,Overall,0,0,0,0
498,2017,Overall,Overall,Placer,ICD-10,19073.0,2178.0,11.42,Overall,0,0,0,0
499,2017,Overall,Overall,Plumas,ICD-10,840.0,97.0,11.55,Overall,0,0,0,0
500,2017,Overall,Overall,Riverside,ICD-10,111614.0,16334.0,14.63,Overall,0,0,0,0
501,2017,Overall,Overall,Sacramento,ICD-10,80190.0,12074.0,15.06,Overall,0,0,0,0
502,2017,Overall,Overall,San Benito,ICD-10,2464.0,320.0,12.99,Overall,0,0,0,0
503,2017,Overall,Overall,San Bernardino,ICD-10,104537.0,15991.0,15.3,Overall,0,0,0,0
504,2017,Overall,Overall,San Diego,ICD-10,151905.0,20823.0,13.71,Overall,0,0,0,0
505,2017,Overall,Overall,San Francisco,ICD-10,36376.0,5449.0,14.98,Overall,0,0,0,0
506,2017,Overall,Overall,San Joaquin,ICD-10,37377.0,5636.0,15.08,Overall,0,0,0,0
507,2017,Overall,Overall,San Luis Obispo,ICD-10,13019.0,1469.0,11.28,Overall,0,0,0,0
508,2017,Overall,Overall,San Mateo,ICD-10,26998.0,3435.0,12.72,Overall,0,0,0,0
509,2017,Overall,Overall,Santa Barbara,ICD-10,19072.0,2351.0,12.33,Overall,0,0,0,0
510,2017,Overall,Overall,Santa Clara,ICD-10,70038.0,10082.0,14.4,Overall,0,0,0,0
511,2017,Overall,Overall,Santa Cruz,ICD-10,10702.0,1323.0,12.36,Overall,0,0,0,0
512,2017,Overall,Overall,Shasta,ICD-10,14022.0,1647.0,11.75,Overall,0,0,0,0
513,2017,Overall,Overall,Sierra,ICD-10,96.0,7.0,7.29,Overall,0,0,0,0
514,2017,Overall,Overall,Siskiyou,ICD-10,2122.0,193.0,9.1,Overall,0,0,0,0
515,2017,Overall,Overall,Solano,ICD-10,20236.0,2951.0,14.58,Overall,0,0,0,0
516,2017,Overall,Overall,Sonoma,ICD-10,23479.0,3024.0,12.88,Overall,0,0,0,0
517,2017,Overall,Overall,Stanislaus,ICD-10,30327.0,4137.0,13.64,Overall,0,0,0,0
518,2017,Overall,Overall,Sutter,ICD-10,5639.0,734.0,13.02,Overall,0,0,0,0
519,2017,Overall,Overall,Tehama,ICD-10,3474.0,485.0,13.96,Overall,0,0,0,0
520,2017,Overall,Overall,Trinity,ICD-10,869.0,115.0,13.23,Overall,0,0,0,0
521,2017,Overall,Overall,Tulare,ICD-10,22274.0,3157.0,14.17,Overall,0,0,0,0
522,2017,Overall,Overall,Tuolumne,ICD-10,3730.0,493.0,13.22,Overall,0,0,0,0
523,2017,Overall,Overall,Ventura,ICD-10,39966.0,5535.0,13.85,Overall,0,0,0,0
524,2017,Overall,Overall,Yolo,ICD-10,8171.0,1134.0,13.88,Overall,0,0,0,0
525,2017,Overall,Overall,Yuba,ICD-10,4909.0,758.0,15.44,Overall,0,0,0,0
526,2018,Overall,Overall,State,ICD-10,1867521.0,275515.0,14.75,Overall,0,0,0,0
527,2018,Age,18 to 44 years,State,ICD-10,281989.0,35161.0,12.47,0,18 to 44 years,0,0,0
528,2018,Age,45 to 64 years,State,ICD-10,595858.0,89815.0,15.07,0,45 to 64 years,0,0,0
529,2018,Age,65 years and above,State,ICD-10,989674.0,150539.0,15.21,0,65 years and above,0,0,0
530,2018,Sex,Female,State,ICD-10,948082.0,131904.0,13.91,0,0,Female,0,0
531,2018,Sex,Male,State,ICD-10,919439.0,143611.0,15.62,0,0,Male,0,0
532,2018,Race-Ethnicity,African-American,State,ICD-10,178356.0,33262.0,18.65,0,0,0,African-American,0
533,2018,Race-Ethnicity,Asian/Pacific Islander,State,ICD-10,158478.0,22622.0,14.27,0,0,0,Asian/Pacific Islander,0
534,2018,Race-Ethnicity,Hispanic,State,ICD-10,449680.0,66002.0,14.68,0,0,0,Hispanic,0
535,2018,Race-Ethnicity,Native American,State,ICD-10,6639.0,1146.0,17.26,0,0,0,Native American,0
536,2018,Race-Ethnicity,Other/Unknown,State,ICD-10,80394.0,11349.0,14.12,0,0,0,Other/Unknown,0
537,2018,Race-Ethnicity,White,State,ICD-10,993974.0,141134.0,14.2,0,0,0,White,0
538,2018,Expected Payer,Medi-Cal,State,ICD-10,389464.0,61814.0,15.87,0,0,0,0,Medi-Cal
539,2018,Expected Payer,MediCare,State,ICD-10,1030609.0,165581.0,16.07,0,0,0,0,MediCare
540,2018,Expected Payer,Other,State,ICD-10,42786.0,4451.0,10.4,0,0,0,0,Other
541,2018,Expected Payer,Private,State,ICD-10,382592.0,41772.0,10.92,0,0,0,0,Private
542,2018,Expected Payer,Self-Pay,State,ICD-10,22070.0,1897.0,8.6,0,0,0,0,Self-Pay
543,2018,Overall,Overall,Alameda,ICD-10,62646.0,9882.0,15.77,Overall,0,0,0,0
544,2018,Overall,Overall,Alpine,ICD-10,18.0,2.0,11.11,Overall,0,0,0,0
545,2018,Overall,Overall,Amador,ICD-10,2877.0,458.0,15.92,Overall,0,0,0,0
546,2018,Overall,Overall,Butte,ICD-10,23190.0,4151.0,17.9,Overall,0,0,0,0
547,2018,Overall,Overall,Calaveras,ICD-10,2941.0,411.0,13.97,Overall,0,0,0,0
548,2018,Overall,Overall,Colusa,ICD-10,1195.0,185.0,15.48,Overall,0,0,0,0
549,2018,Overall,Overall,Contra Costa,ICD-10,51183.0,7884.0,15.4,Overall,0,0,0,0
550,2018,Overall,Overall,Del Norte,ICD-10,1416.0,178.0,12.57,Overall,0,0,0,0
551,2018,Overall,Overall,El Dorado,ICD-10,10371.0,1434.0,13.83,Overall,0,0,0,0
552,2018,Overall,Overall,Fresno,ICD-10,48893.0,7348.0,15.03,Overall,0,0,0,0
553,2018,Overall,Overall,Glenn,ICD-10,2126.0,314.0,14.77,Overall,0,0,0,0
554,2018,Overall,Overall,Humboldt,ICD-10,7449.0,957.0,12.85,Overall,0,0,0,0
555,2018,Overall,Overall,Imperial,ICD-10,8453.0,1205.0,14.26,Overall,0,0,0,0
556,2018,Overall,Overall,Inyo,ICD-10,852.0,79.0,9.27,Overall,0,0,0,0
557,2018,Overall,Overall,Kern,ICD-10,39488.0,5471.0,13.85,Overall,0,0,0,0
558,2018,Overall,Overall,Kings,ICD-10,6010.0,879.0,14.63,Overall,0,0,0,0
559,2018,Overall,Overall,Lake,ICD-10,5227.0,813.0,15.55,Overall,0,0,0,0
560,2018,Overall,Overall,Lassen,ICD-10,798.0,72.0,9.02,Overall,0,0,0,0
561,2018,Overall,Overall,Los Angeles,ICD-10,475044.0,74910.0,15.77,Overall,0,0,0,0
562,2018,Overall,Overall,Madera,ICD-10,7023.0,999.0,14.22,Overall,0,0,0,0
563,2018,Overall,Overall,Marin,ICD-10,10779.0,1365.0,12.66,Overall,0,0,0,0
564,2018,Overall,Overall,Mariposa,ICD-10,1069.0,139.0,13.0,Overall,0,0,0,0
565,2018,Overall,Overall,Mendocino,ICD-10,5400.0,795.0,14.72,Overall,0,0,0,0
566,2018,Overall,Overall,Merced,ICD-10,14124.0,2236.0,15.83,Overall,0,0,0,0
567,2018,Overall,Overall,Modoc,ICD-10,300.0,37.0,12.33,Overall,0,0,0,0
568,2018,Overall,Overall,Mono,ICD-10,296.0,31.0,10.47,Overall,0,0,0,0
569,2018,Overall,Overall,Monterey,ICD-10,19247.0,2399.0,12.46,Overall,0,0,0,0
570,2018,Overall,Overall,Napa,ICD-10,6819.0,1059.0,15.53,Overall,0,0,0,0
571,2018,Overall,Overall,Nevada,ICD-10,5779.0,799.0,13.83,Overall,0,0,0,0
572,2018,Overall,Overall,Orange,ICD-10,130341.0,17385.0,13.34,Overall,0,0,0,0
573,2018,Overall,Overall,Placer,ICD-10,18737.0,2199.0,11.74,Overall,0,0,0,0
574,2018,Overall,Overall,Plumas,ICD-10,970.0,125.0,12.89,Overall,0,0,0,0
575,2018,Overall,Overall,Riverside,ICD-10,112715.0,16709.0,14.82,Overall,0,0,0,0
576,2018,Overall,Overall,Sacramento,ICD-10,77626.0,11686.0,15.05,Overall,0,0,0,0
577,2018,Overall,Overall,San Benito,ICD-10,2487.0,349.0,14.03,Overall,0,0,0,0
578,2018,Overall,Overall,San Bernardino,ICD-10,104972.0,15905.0,15.15,Overall,0,0,0,0
579,2018,Overall,Overall,San Diego,ICD-10,153864.0,21665.0,14.08,Overall,0,0,0,0
580,2018,Overall,Overall,San Francisco,ICD-10,34999.0,5032.0,14.38,Overall,0,0,0,0
581,2018,Overall,Overall,San Joaquin,ICD-10,36982.0,5533.0,14.96,Overall,0,0,0,0
582,2018,Overall,Overall,San Luis Obispo,ICD-10,12990.0,1587.0,12.22,Overall,0,0,0,0
583,2018,Overall,Overall,San Mateo,ICD-10,25690.0,3319.0,12.92,Overall,0,0,0,0
584,2018,Overall,Overall,Santa Barbara,ICD-10,18914.0,2242.0,11.85,Overall,0,0,0,0
585,2018,Overall,Overall,Santa Clara,ICD-10,65621.0,9447.0,14.4,Overall,0,0,0,0
586,2018,Overall,Overall,Santa Cruz,ICD-10,9985.0,1159.0,11.61,Overall,0,0,0,0
587,2018,Overall,Overall,Shasta,ICD-10,13815.0,1750.0,12.67,Overall,0,0,0,0
588,2018,Overall,Overall,Sierra,ICD-10,103.0,10.0,9.71,Overall,0,0,0,0
589,2018,Overall,Overall,Siskiyou,ICD-10,1952.0,201.0,10.3,Overall,0,0,0,0
590,2018,Overall,Overall,Solano,ICD-10,19873.0,3011.0,15.15,Overall,0,0,0,0
591,2018,Overall,Overall,Sonoma,ICD-10,22588.0,3036.0,13.44,Overall,0,0,0,0
592,2018,Overall,Overall,Stanislaus,ICD-10,30021.0,3980.0,13.26,Overall,0,0,0,0
593,2018,Overall,Overall,Sutter,ICD-10,5966.0,774.0,12.97,Overall,0,0,0,0
594,2018,Overall,Overall,Tehama,ICD-10,3848.0,581.0,15.1,Overall,0,0,0,0
595,2018,Overall,Overall,Trinity,ICD-10,845.0,107.0,12.66,Overall,0,0,0,0
596,2018,Overall,Overall,Tulare,ICD-10,20948.0,2781.0,13.28,Overall,0,0,0,0
597,2018,Overall,Overall,Tuolumne,ICD-10,3495.0,420.0,12.02,Overall,0,0,0,0
598,2018,Overall,Overall,Ventura,ICD-10,39246.0,5691.0,14.5,Overall,0,0,0,0
599,2018,Overall,Overall,Yolo,ICD-10,7761.0,1032.0,13.3,Overall,0,0,0,0
600,2018,Overall,Overall,Yuba,ICD-10,5056.0,737.0,14.58,Overall,0,0,0,0
601,2019,Overall,Overall,State,ICD-10,1866911.0,277886.0,14.88,Overall,0,0,0,0
602,2019,Age,18 to 44 years,State,ICD-10,281814.0,35346.0,12.54,0,18 to 44 years,0,0,0
603,2019,Age,45 to 64 years,State,ICD-10,587775.0,89400.0,15.21,0,45 to 64 years,0,0,0
604,2019,Age,65 years and above,State,ICD-10,997322.0,153140.0,15.36,0,65 years and above,0,0,0
605,2019,Sex,Female,State,ICD-10,942816.0,131796.0,13.98,0,0,Female,0,0
606,2019,Sex,Male,State,ICD-10,924095.0,146090.0,15.81,0,0,Male,0,0
607,2019,Race-Ethnicity,African-American,State,ICD-10,174725.0,32319.0,18.5,0,0,0,African-American,0
608,2019,Race-Ethnicity,Asian/Pacific Islander,State,ICD-10,160310.0,22926.0,14.3,0,0,0,Asian/Pacific Islander,0
609,2019,Race-Ethnicity,Hispanic,State,ICD-10,459080.0,68439.0,14.91,0,0,0,Hispanic,0
610,2019,Race-Ethnicity,Multiracial,State,ICD-10,15870.0,2941.0,18.53,0,0,0,Multiracial,0
611,2019,Race-Ethnicity,Native American,State,ICD-10,9212.0,1331.0,14.45,0,0,0,Native American,0
612,2019,Race-Ethnicity,Other/Unknown,State,ICD-10,79096.0,10967.0,13.87,0,0,0,Other/Unknown,0
613,2019,Race-Ethnicity,White,State,ICD-10,968618.0,138963.0,14.35,0,0,0,White,0
614,2019,Expected Payer,Medi-Cal,State,ICD-10,390274.0,62869.0,16.11,0,0,0,0,Medi-Cal
615,2019,Expected Payer,MediCare,State,ICD-10,1040179.0,168152.0,16.17,0,0,0,0,MediCare
616,2019,Expected Payer,Other,State,ICD-10,45174.0,5107.0,11.31,0,0,0,0,Other
617,2019,Expected Payer,Private,State,ICD-10,367681.0,39787.0,10.82,0,0,0,0,Private
618,2019,Expected Payer,Self-Pay,State,ICD-10,23603.0,1971.0,8.35,0,0,0,0,Self-Pay
619,2019,Overall,Overall,Unknown County,ICD-10,374.0,59.0,15.78,Overall,0,0,0,0
620,2019,Overall,Overall,Alameda,ICD-10,62440.0,9756.0,15.62,Overall,0,0,0,0
621,2019,Overall,Overall,Alpine,ICD-10,10.0,0.0,0.0,Overall,0,0,0,0
622,2019,Overall,Overall,Amador,ICD-10,2894.0,392.0,13.55,Overall,0,0,0,0
623,2019,Overall,Overall,Butte,ICD-10,21958.0,3973.0,18.09,Overall,0,0,0,0
624,2019,Overall,Overall,Calaveras,ICD-10,3051.0,467.0,15.31,Overall,0,0,0,0
625,2019,Overall,Overall,Colusa,ICD-10,1196.0,170.0,14.21,Overall,0,0,0,0
626,2019,Overall,Overall,Contra Costa,ICD-10,50840.0,7765.0,15.27,Overall,0,0,0,0
627,2019,Overall,Overall,Del Norte,ICD-10,1463.0,170.0,11.62,Overall,0,0,0,0
628,2019,Overall,Overall,El Dorado,ICD-10,10281.0,1439.0,14.0,Overall,0,0,0,0
629,2019,Overall,Overall,Fresno,ICD-10,48532.0,7442.0,15.33,Overall,0,0,0,0
630,2019,Overall,Overall,Glenn,ICD-10,2264.0,350.0,15.46,Overall,0,0,0,0
631,2019,Overall,Overall,Humboldt,ICD-10,7263.0,947.0,13.04,Overall,0,0,0,0
632,2019,Overall,Overall,Imperial,ICD-10,8295.0,1253.0,15.11,Overall,0,0,0,0
633,2019,Overall,Overall,Inyo,ICD-10,958.0,99.0,10.33,Overall,0,0,0,0
634,2019,Overall,Overall,Kern,ICD-10,40793.0,5885.0,14.43,Overall,0,0,0,0
635,2019,Overall,Overall,Kings,ICD-10,6360.0,937.0,14.73,Overall,0,0,0,0
636,2019,Overall,Overall,Lake,ICD-10,5108.0,822.0,16.09,Overall,0,0,0,0
637,2019,Overall,Overall,Lassen,ICD-10,774.0,76.0,9.82,Overall,0,0,0,0
638,2019,Overall,Overall,Los Angeles,ICD-10,465091.0,73376.0,15.78,Overall,0,0,0,0
639,2019,Overall,Overall,Madera,ICD-10,6743.0,865.0,12.83,Overall,0,0,0,0
640,2019,Overall,Overall,Marin,ICD-10,10086.0,1222.0,12.12,Overall,0,0,0,0
641,2019,Overall,Overall,Mariposa,ICD-10,1115.0,124.0,11.12,Overall,0,0,0,0
642,2019,Overall,Overall,Mendocino,ICD-10,5228.0,708.0,13.54,Overall,0,0,0,0
643,2019,Overall,Overall,Merced,ICD-10,13468.0,2112.0,15.68,Overall,0,0,0,0
644,2019,Overall,Overall,Modoc,ICD-10,372.0,50.0,13.44,Overall,0,0,0,0
645,2019,Overall,Overall,Mono,ICD-10,333.0,33.0,9.91,Overall,0,0,0,0
646,2019,Overall,Overall,Monterey,ICD-10,19847.0,2651.0,13.36,Overall,0,0,0,0
647,2019,Overall,Overall,Napa,ICD-10,6551.0,1049.0,16.01,Overall,0,0,0,0
648,2019,Overall,Overall,Nevada,ICD-10,5684.0,760.0,13.37,Overall,0,0,0,0
649,2019,Overall,Overall,Orange,ICD-10,127580.0,17412.0,13.65,Overall,0,0,0,0
650,2019,Overall,Overall,Placer,ICD-10,18957.0,2282.0,12.04,Overall,0,0,0,0
651,2019,Overall,Overall,Plumas,ICD-10,851.0,100.0,11.75,Overall,0,0,0,0
652,2019,Overall,Overall,Riverside,ICD-10,114978.0,17036.0,14.82,Overall,0,0,0,0
653,2019,Overall,Overall,Sacramento,ICD-10,75730.0,11297.0,14.92,Overall,0,0,0,0
654,2019,Overall,Overall,San Benito,ICD-10,2276.0,305.0,13.4,Overall,0,0,0,0
655,2019,Overall,Overall,San Bernardino,ICD-10,104217.0,16022.0,15.37,Overall,0,0,0,0
656,2019,Overall,Overall,San Diego,ICD-10,155859.0,21752.0,13.96,Overall,0,0,0,0
657,2019,Overall,Overall,San Francisco,ICD-10,34983.0,5090.0,14.55,Overall,0,0,0,0
658,2019,Overall,Overall,San Joaquin,ICD-10,37222.0,5817.0,15.63,Overall,0,0,0,0
659,2019,Overall,Overall,San Luis Obispo,ICD-10,12891.0,1622.0,12.58,Overall,0,0,0,0
660,2019,Overall,Overall,San Mateo,ICD-10,25264.0,3279.0,12.98,Overall,0,0,0,0
661,2019,Overall,Overall,Santa Barbara,ICD-10,19432.0,2249.0,11.57,Overall,0,0,0,0
662,2019,Overall,Overall,Santa Clara,ICD-10,64589.0,9259.0,14.34,Overall,0,0,0,0
663,2019,Overall,Overall,Santa Cruz,ICD-10,10316.0,1283.0,12.44,Overall,0,0,0,0
664,2019,Overall,Overall,Shasta,ICD-10,13651.0,1715.0,12.56,Overall,0,0,0,0
665,2019,Overall,Overall,Sierra,ICD-10,116.0,12.0,10.34,Overall,0,0,0,0
666,2019,Overall,Overall,Siskiyou,ICD-10,2009.0,201.0,10.0,Overall,0,0,0,0
667,2019,Overall,Overall,Solano,ICD-10,20472.0,3144.0,15.36,Overall,0,0,0,0
668,2019,Overall,Overall,Sonoma,ICD-10,22767.0,3150.0,13.84,Overall,0,0,0,0
669,2019,Overall,Overall,Stanislaus,ICD-10,30499.0,4321.0,14.17,Overall,0,0,0,0
670,2019,Overall,Overall,Sutter,ICD-10,5740.0,789.0,13.75,Overall,0,0,0,0
671,2019,Overall,Overall,Tehama,ICD-10,3895.0,578.0,14.84,Overall,0,0,0,0
672,2019,Overall,Overall,Trinity,ICD-10,784.0,86.0,10.97,Overall,0,0,0,0
673,2019,Overall,Overall,Tulare,ICD-10,22009.0,3112.0,14.14,Overall,0,0,0,0
674,2019,Overall,Overall,Tuolumne,ICD-10,3581.0,484.0,13.52,Overall,0,0,0,0
675,2019,Overall,Overall,Ventura,ICD-10,40324.0,6006.0,14.89,Overall,0,0,0,0
676,2019,Overall,Overall,Yolo,ICD-10,7958.0,1129.0,14.19,Overall,0,0,0,0
677,2019,Overall,Overall,Yuba,ICD-10,5078.0,789.0,15.54,Overall,0,0,0,0
678,2020,Overall,Overall,State,ICD-10,1623952.0,235905.0,14.53,Overall,0,0,0,0
679,2020,Age,18 to 44 years,State,ICD-10,256350.0,30887.0,12.05,0,18 to 44 years,0,0,0
680,2020,Age,45 to 64 years,State,ICD-10,515144.0,76269.0,14.81,0,45 to 64 years,0,0,0
681,2020,Age,65 years and above,State,ICD-10,852458.0,128749.0,15.1,0,65 years and above,0,0,0
682,2020,Sex,Female,State,ICD-10,795504.0,110363.0,13.87,0,0,Female,0,0
683,2020,Sex,Male,State,ICD-10,828448.0,125542.0,15.15,0,0,Male,0,0
684,2020,Race-Ethnicity,African-American,State,ICD-10,150491.0,27072.0,17.99,0,0,0,African-American,0
685,2020,Race-Ethnicity,Asian/Pacific Islander,State,ICD-10,136051.0,19173.0,14.09,0,0,0,Asian/Pacific Islander,0
686,2020,Race-Ethnicity,Hispanic,State,ICD-10,426687.0,60377.0,14.15,0,0,0,Hispanic,0
687,2020,Race-Ethnicity,Multiracial,State,ICD-10,20462.0,3524.0,17.22,0,0,0,Multiracial,0
688,2020,Race-Ethnicity,Native American,State,ICD-10,5542.0,849.0,15.32,0,0,0,Native American,0
689,2020,Race-Ethnicity,Other/Unknown,State,ICD-10,74035.0,9871.0,13.33,0,0,0,Other/Unknown,0
690,2020,Race-Ethnicity,White,State,ICD-10,810684.0,115039.0,14.19,0,0,0,White,0
691,2020,Expected Payer,Medi-Cal,State,ICD-10,355605.0,54947.0,15.45,0,0,0,0,Medi-Cal
692,2020,Expected Payer,MediCare,State,ICD-10,886758.0,141143.0,15.92,0,0,0,0,MediCare
693,2020,Expected Payer,Other,State,ICD-10,38983.0,4157.0,10.66,0,0,0,0,Other
694,2020,Expected Payer,Private,State,ICD-10,323226.0,34163.0,10.57,0,0,0,0,Private
695,2020,Expected Payer,Self-Pay,State,ICD-10,19380.0,1495.0,7.71,0,0,0,0,Self-Pay
696,2020,Overall,Overall,Alameda,ICD-10,54864.0,8381.0,15.28,Overall,0,0,0,0
697,2020,Overall,Overall,Alpine,ICD-10,7.0,2.0,28.57,Overall,0,0,0,0
698,2020,Overall,Overall,Amador,ICD-10,2484.0,353.0,14.21,Overall,0,0,0,0
699,2020,Overall,Overall,Butte,ICD-10,19635.0,3585.0,18.26,Overall,0,0,0,0
700,2020,Overall,Overall,Calaveras,ICD-10,2648.0,358.0,13.52,Overall,0,0,0,0
701,2020,Overall,Overall,Colusa,ICD-10,998.0,137.0,13.73,Overall,0,0,0,0
702,2020,Overall,Overall,Contra Costa,ICD-10,44201.0,6583.0,14.89,Overall,0,0,0,0
703,2020,Overall,Overall,Del Norte,ICD-10,1174.0,112.0,9.54,Overall,0,0,0,0
704,2020,Overall,Overall,El Dorado,ICD-10,9180.0,1332.0,14.51,Overall,0,0,0,0
705,2020,Overall,Overall,Fresno,ICD-10,44932.0,6844.0,15.23,Overall,0,0,0,0
706,2020,Overall,Overall,Glenn,ICD-10,1983.0,288.0,14.52,Overall,0,0,0,0
707,2020,Overall,Overall,Humboldt,ICD-10,5984.0,738.0,12.33,Overall,0,0,0,0
708,2020,Overall,Overall,Imperial,ICD-10,7229.0,1015.0,14.04,Overall,0,0,0,0
709,2020,Overall,Overall,Inyo,ICD-10,855.0,91.0,10.64,Overall,0,0,0,0
710,2020,Overall,Overall,Kern,ICD-10,36595.0,4963.0,13.56,Overall,0,0,0,0
711,2020,Overall,Overall,Kings,ICD-10,5721.0,835.0,14.6,Overall,0,0,0,0
712,2020,Overall,Overall,Lake,ICD-10,4191.0,618.0,14.75,Overall,0,0,0,0
713,2020,Overall,Overall,Lassen,ICD-10,614.0,59.0,9.61,Overall,0,0,0,0
714,2020,Overall,Overall,Los Angeles,ICD-10,391234.0,59374.0,15.18,Overall,0,0,0,0
715,2020,Overall,Overall,Madera,ICD-10,5855.0,797.0,13.61,Overall,0,0,0,0
716,2020,Overall,Overall,Marin,ICD-10,8660.0,1092.0,12.61,Overall,0,0,0,0
717,2020,Overall,Overall,Mariposa,ICD-10,1007.0,128.0,12.71,Overall,0,0,0,0
718,2020,Overall,Overall,Mendocino,ICD-10,4856.0,673.0,13.86,Overall,0,0,0,0
719,2020,Overall,Overall,Merced,ICD-10,11523.0,1752.0,15.2,Overall,0,0,0,0
720,2020,Overall,Overall,Modoc,ICD-10,338.0,45.0,13.31,Overall,0,0,0,0
721,2020,Overall,Overall,Mono,ICD-10,274.0,30.0,10.95,Overall,0,0,0,0
722,2020,Overall,Overall,Monterey,ICD-10,17352.0,2283.0,13.16,Overall,0,0,0,0
723,2020,Overall,Overall,Napa,ICD-10,5168.0,747.0,14.45,Overall,0,0,0,0
724,2020,Overall,Overall,Nevada,ICD-10,5158.0,682.0,13.22,Overall,0,0,0,0
725,2020,Overall,Overall,Orange,ICD-10,109124.0,14464.0,13.25,Overall,0,0,0,0
726,2020,Overall,Overall,Placer,ICD-10,17443.0,2120.0,12.15,Overall,0,0,0,0
727,2020,Overall,Overall,Plumas,ICD-10,681.0,80.0,11.75,Overall,0,0,0,0
728,2020,Overall,Overall,Riverside,ICD-10,101235.0,14085.0,13.91,Overall,0,0,0,0
729,2020,Overall,Overall,Sacramento,ICD-10,69182.0,10274.0,14.85,Overall,0,0,0,0
730,2020,Overall,Overall,San Benito,ICD-10,2082.0,291.0,13.98,Overall,0,0,0,0
731,2020,Overall,Overall,San Bernardino,ICD-10,91071.0,12977.0,14.25,Overall,0,0,0,0
732,2020,Overall,Overall,San Diego,ICD-10,137277.0,19112.0,13.92,Overall,0,0,0,0
733,2020,Overall,Overall,San Francisco,ICD-10,31482.0,4799.0,15.24,Overall,0,0,0,0
734,2020,Overall,Overall,San Joaquin,ICD-10,32822.0,4992.0,15.21,Overall,0,0,0,0
735,2020,Overall,Overall,San Luis Obispo,ICD-10,11003.0,1398.0,12.71,Overall,0,0,0,0
736,2020,Overall,Overall,San Mateo,ICD-10,21940.0,2851.0,12.99,Overall,0,0,0,0
737,2020,Overall,Overall,Santa Barbara,ICD-10,17361.0,2026.0,11.67,Overall,0,0,0,0
738,2020,Overall,Overall,Santa Clara,ICD-10,56393.0,8118.0,14.4,Overall,0,0,0,0
739,2020,Overall,Overall,Santa Cruz,ICD-10,9178.0,1151.0,12.54,Overall,0,0,0,0
740,2020,Overall,Overall,Shasta,ICD-10,12277.0,1591.0,12.96,Overall,0,0,0,0
741,2020,Overall,Overall,Sierra,ICD-10,95.0,11.0,11.58,Overall,0,0,0,0
742,2020,Overall,Overall,Siskiyou,ICD-10,1791.0,186.0,10.39,Overall,0,0,0,0
743,2020,Overall,Overall,Solano,ICD-10,17619.0,2598.0,14.75,Overall,0,0,0,0
744,2020,Overall,Overall,Sonoma,ICD-10,19924.0,2664.0,13.37,Overall,0,0,0,0
745,2020,Overall,Overall,Stanislaus,ICD-10,27464.0,3868.0,14.08,Overall,0,0,0,0
746,2020,Overall,Overall,Sutter,ICD-10,5415.0,776.0,14.33,Overall,0,0,0,0
747,2020,Overall,Overall,Tehama,ICD-10,3505.0,445.0,12.7,Overall,0,0,0,0
748,2020,Overall,Overall,Trinity,ICD-10,693.0,85.0,12.27,Overall,0,0,0,0
749,2020,Overall,Overall,Tulare,ICD-10,18786.0,2653.0,14.12,Overall,0,0,0,0
750,2020,Overall,Overall,Tuolumne,ICD-10,3304.0,474.0,14.35,Overall,0,0,0,0
751,2020,Overall,Overall,Ventura,ICD-10,34820.0,4945.0,14.2,Overall,0,0,0,0
752,2020,Overall,Overall,Yolo,ICD-10,6945.0,976.0,14.05,Overall,0,0,0,0
753,2020,Overall,Overall,Yuba,ICD-10,4513.0,712.0,15.78,Overall,0,0,0,0
754,2021,Overall,Overall,State,ICD-10,1678810.0,242095.0,14.42,Overall,0,0,0,0
755,2021,Age,18 to 44 years,State,ICD-10,275100.0,32693.0,11.88,0,18 to 44 years,0,0,0
756,2021,Age,45 to 64 years,State,ICD-10,522104.0,76660.0,14.68,0,45 to 64 years,0,0,0
757,2021,Age,65 years and above,State,ICD-10,881606.0,132742.0,15.06,0,65 years and above,0,0,0
758,2021,Expected Payer,Medi-Cal,State,ICD-10,378689.0,57840.0,15.27,0,0,0,0,Medi-Cal
759,2021,Expected Payer,MediCare,State,ICD-10,900016.0,142496.0,15.83,0,0,0,0,MediCare
760,2021,Expected Payer,Other,State,ICD-10,42519.0,4501.0,10.59,0,0,0,0,Other
761,2021,Expected Payer,Private,State,ICD-10,339306.0,35739.0,10.53,0,0,0,0,Private
762,2021,Expected Payer,Self-Pay,State,ICD-10,18280.0,1519.0,8.31,0,0,0,0,Self-Pay
763,2021,Race-Ethnicity,African-American,State,ICD-10,161819.0,28772.0,17.78,0,0,0,African-American,0
764,2021,Race-Ethnicity,Asian/Pacific Islander,State,ICD-10,145744.0,20519.0,14.08,0,0,0,Asian/Pacific Islander,0
765,2021,Race-Ethnicity,Hispanic,State,ICD-10,449127.0,62692.0,13.96,0,0,0,Hispanic,0
766,2021,Race-Ethnicity,Multiracial,State,ICD-10,18614.0,3196.0,17.17,0,0,0,Multiracial,0
767,2021,Race-Ethnicity,Native American,State,ICD-10,5839.0,925.0,15.84,0,0,0,Native American,0
768,2021,Race-Ethnicity,Other/Unknown,State,ICD-10,75378.0,10114.0,13.42,0,0,0,Other/Unknown,0
769,2021,Race-Ethnicity,White,State,ICD-10,822289.0,115877.0,14.09,0,0,0,White,0
770,2021,Sex,Female,State,ICD-10,824580.0,113903.0,13.81,0,0,Female,0,0
771,2021,Sex,Male,State,ICD-10,854230.0,128192.0,15.01,0,0,Male,0,0
772,2021,Overall,Overall,Alameda,ICD-10,57303.0,9116.0,15.91,Overall,0,0,0,0
773,2021,Overall,Overall,Alpine,ICD-10,18.0,1.0,5.56,Overall,0,0,0,0
774,2021,Overall,Overall,Amador,ICD-10,2526.0,337.0,13.34,Overall,0,0,0,0
775,2021,Overall,Overall,Butte,ICD-10,19671.0,3643.0,18.52,Overall,0,0,0,0
776,2021,Overall,Overall,Calaveras,ICD-10,2531.0,339.0,13.39,Overall,0,0,0,0
777,2021,Overall,Overall,Colusa,ICD-10,1097.0,156.0,14.22,Overall,0,0,0,0
778,2021,Overall,Overall,Contra Costa,ICD-10,47076.0,7126.0,15.14,Overall,0,0,0,0
779,2021,Overall,Overall,Del Norte,ICD-10,1197.0,154.0,12.87,Overall,0,0,0,0
780,2021,Overall,Overall,El Dorado,ICD-10,9451.0,1341.0,14.19,Overall,0,0,0,0
781,2021,Overall,Overall,Fresno,ICD-10,47105.0,7060.0,14.99,Overall,0,0,0,0
782,2021,Overall,Overall,Glenn,ICD-10,2020.0,278.0,13.76,Overall,0,0,0,0
783,2021,Overall,Overall,Humboldt,ICD-10,5977.0,750.0,12.55,Overall,0,0,0,0
784,2021,Overall,Overall,Imperial,ICD-10,6840.0,895.0,13.08,Overall,0,0,0,0
785,2021,Overall,Overall,Inyo,ICD-10,649.0,63.0,9.71,Overall,0,0,0,0
786,2021,Overall,Overall,Kern,ICD-10,38249.0,5070.0,13.26,Overall,0,0,0,0
787,2021,Overall,Overall,Kings,ICD-10,5759.0,779.0,13.53,Overall,0,0,0,0
788,2021,Overall,Overall,Lake,ICD-10,4313.0,646.0,14.98,Overall,0,0,0,0
789,2021,Overall,Overall,Lassen,ICD-10,658.0,49.0,7.45,Overall,0,0,0,0
790,2021,Overall,Overall,Los Angeles,ICD-10,403988.0,60634.0,15.01,Overall,0,0,0,0
791,2021,Overall,Overall,Madera,ICD-10,6051.0,798.0,13.19,Overall,0,0,0,0
792,2021,Overall,Overall,Marin,ICD-10,9224.0,1118.0,12.12,Overall,0,0,0,0
793,2021,Overall,Overall,Mariposa,ICD-10,952.0,114.0,11.97,Overall,0,0,0,0
794,2021,Overall,Overall,Mendocino,ICD-10,4894.0,638.0,13.04,Overall,0,0,0,0
795,2021,Overall,Overall,Merced,ICD-10,12140.0,1756.0,14.46,Overall,0,0,0,0
796,2021,Overall,Overall,Modoc,ICD-10,291.0,21.0,7.22,Overall,0,0,0,0
797,2021,Overall,Overall,Mono,ICD-10,261.0,21.0,8.05,Overall,0,0,0,0
798,2021,Overall,Overall,Monterey,ICD-10,17889.0,2326.0,13.0,Overall,0,0,0,0
799,2021,Overall,Overall,Napa,ICD-10,5482.0,754.0,13.75,Overall,0,0,0,0
800,2021,Overall,Overall,Nevada,ICD-10,5172.0,672.0,12.99,Overall,0,0,0,0
801,2021,Overall,Overall,Orange,ICD-10,109967.0,14435.0,13.13,Overall,0,0,0,0
802,2021,Overall,Overall,Placer,ICD-10,19165.0,2536.0,13.23,Overall,0,0,0,0
803,2021,Overall,Overall,Plumas,ICD-10,704.0,93.0,13.21,Overall,0,0,0,0
804,2021,Overall,Overall,Riverside,ICD-10,103826.0,14123.0,13.6,Overall,0,0,0,0
805,2021,Overall,Overall,Sacramento,ICD-10,73454.0,11320.0,15.41,Overall,0,0,0,0
806,2021,Overall,Overall,San Benito,ICD-10,2406.0,360.0,14.96,Overall,0,0,0,0
807,2021,Overall,Overall,San Bernardino,ICD-10,91284.0,12642.0,13.85,Overall,0,0,0,0
808,2021,Overall,Overall,San Diego,ICD-10,146135.0,20537.0,14.05,Overall,0,0,0,0
809,2021,Overall,Overall,San Francisco,ICD-10,32914.0,5122.0,15.56,Overall,0,0,0,0
810,2021,Overall,Overall,San Joaquin,ICD-10,33393.0,4971.0,14.89,Overall,0,0,0,0
811,2021,Overall,Overall,San Luis Obispo,ICD-10,11090.0,1334.0,12.03,Overall,0,0,0,0
812,2021,Overall,Overall,San Mateo,ICD-10,22904.0,2982.0,13.02,Overall,0,0,0,0
813,2021,Overall,Overall,Santa Barbara,ICD-10,17936.0,2250.0,12.54,Overall,0,0,0,0
814,2021,Overall,Overall,Santa Clara,ICD-10,58931.0,8721.0,14.8,Overall,0,0,0,0
815,2021,Overall,Overall,Santa Cruz,ICD-10,9931.0,1262.0,12.71,Overall,0,0,0,0
816,2021,Overall,Overall,Shasta,ICD-10,12325.0,1512.0,12.27,Overall,0,0,0,0
817,2021,Overall,Overall,Sierra,ICD-10,98.0,12.0,12.24,Overall,0,0,0,0
818,2021,Overall,Overall,Siskiyou,ICD-10,1771.0,178.0,10.05,Overall,0,0,0,0
819,2021,Overall,Overall,Solano,ICD-10,18007.0,2555.0,14.19,Overall,0,0,0,0
820,2021,Overall,Overall,Sonoma,ICD-10,20610.0,2844.0,13.8,Overall,0,0,0,0
821,2021,Overall,Overall,Stanislaus,ICD-10,29264.0,4218.0,14.41,Overall,0,0,0,0
822,2021,Overall,Overall,Sutter,ICD-10,5702.0,924.0,16.2,Overall,0,0,0,0
823,2021,Overall,Overall,Tehama,ICD-10,3517.0,489.0,13.9,Overall,0,0,0,0
824,2021,Overall,Overall,Trinity,ICD-10,684.0,82.0,11.99,Overall,0,0,0,0
825,2021,Overall,Overall,Tulare,ICD-10,19448.0,2560.0,13.16,Overall,0,0,0,0
826,2021,Overall,Overall,Tuolumne,ICD-10,3231.0,442.0,13.68,Overall,0,0,0,0
827,2021,Overall,Overall,Ventura,ICD-10,35387.0,4875.0,13.78,Overall,0,0,0,0
828,2021,Overall,Overall,Yolo,ICD-10,7134.0,1039.0,14.56,Overall,0,0,0,0
829,2021,Overall,Overall,Yuba,ICD-10,4772.0,720.0,15.09,Overall,0,0,0,0
830,2022,Overall,Overall,State,ICD-10,1644087.0,238468.0,14.5,Overall,0,0,0,0
831,2022,Age,18 to 44 years,State,ICD-10,254428.0,31148.0,12.24,0,18 to 44 years,0,0,0
832,2022,Age,45 to 64 years,State,ICD-10,480923.0,71658.0,14.9,0,45 to 64 years,0,0,0
833,2022,Age,65 years and above,State,ICD-10,908736.0,135662.0,14.93,0,65 years and above,0,0,0
834,2022,Expected Payer,Medi-Cal,State,ICD-10,357068.0,54846.0,15.36,0,0,0,0,Medi-Cal
835,2022,Expected Payer,MediCare,State,ICD-10,916730.0,143186.0,15.62,0,0,0,0,MediCare
836,2022,Expected Payer,Other,State,ICD-10,42026.0,4670.0,11.11,0,0,0,0,Other
837,2022,Expected Payer,Private,State,ICD-10,311827.0,34309.0,11.0,0,0,0,0,Private
838,2022,Expected Payer,Self-Pay,State,ICD-10,16436.0,1457.0,8.86,0,0,0,0,Self-Pay
839,2022,Race-Ethnicity,African-American,State,ICD-10,156634.0,27771.0,17.73,0,0,0,African-American,0
840,2022,Race-Ethnicity,Asian/Pacific Islander,State,ICD-10,144674.0,20209.0,13.97,0,0,0,Asian/Pacific Islander,0
841,2022,Race-Ethnicity,Hispanic,State,ICD-10,438706.0,63024.0,14.37,0,0,0,Hispanic,0
842,2022,Race-Ethnicity,Multiracial,State,ICD-10,18278.0,3183.0,17.41,0,0,0,Multiracial,0
843,2022,Race-Ethnicity,Native American,State,ICD-10,5510.0,883.0,16.03,0,0,0,Native American,0
844,2022,Race-Ethnicity,Other/Unknown,State,ICD-10,74568.0,9696.0,13.0,0,0,0,Other/Unknown,0
845,2022,Race-Ethnicity,White,State,ICD-10,805717.0,113702.0,14.11,0,0,0,White,0
846,2022,Sex,Female,State,ICD-10,816382.0,112571.0,13.79,0,0,Female,0,0
847,2022,Sex,Male,State,ICD-10,827705.0,125897.0,15.21,0,0,Male,0,0
848,2022,Overall,Overall,Alameda,ICD-10,56732.0,9088.0,16.02,Overall,0,0,0,0
849,2022,Overall,Overall,Alpine,ICD-10,10.0,4.0,40.0,Overall,0,0,0,0
850,2022,Overall,Overall,Amador,ICD-10,2472.0,323.0,13.07,Overall,0,0,0,0
851,2022,Overall,Overall,Butte,ICD-10,17966.0,3214.0,17.89,Overall,0,0,0,0
852,2022,Overall,Overall,Calaveras,ICD-10,2524.0,386.0,15.29,Overall,0,0,0,0
853,2022,Overall,Overall,Colusa,ICD-10,903.0,104.0,11.52,Overall,0,0,0,0
854,2022,Overall,Overall,Contra Costa,ICD-10,46208.0,6982.0,15.11,Overall,0,0,0,0
855,2022,Overall,Overall,Del Norte,ICD-10,1341.0,151.0,11.26,Overall,0,0,0,0
856,2022,Overall,Overall,El Dorado,ICD-10,8987.0,1237.0,13.76,Overall,0,0,0,0
857,2022,Overall,Overall,Fresno,ICD-10,47111.0,7159.0,15.2,Overall,0,0,0,0
858,2022,Overall,Overall,Glenn,ICD-10,1757.0,252.0,14.34,Overall,0,0,0,0
859,2022,Overall,Overall,Humboldt,ICD-10,6159.0,737.0,11.97,Overall,0,0,0,0
860,2022,Overall,Overall,Imperial,ICD-10,6673.0,908.0,13.61,Overall,0,0,0,0
861,2022,Overall,Overall,Inyo,ICD-10,545.0,53.0,9.72,Overall,0,0,0,0
862,2022,Overall,Overall,Kern,ICD-10,34947.0,4643.0,13.29,Overall,0,0,0,0
863,2022,Overall,Overall,Kings,ICD-10,5429.0,759.0,13.98,Overall,0,0,0,0
864,2022,Overall,Overall,Lake,ICD-10,3966.0,601.0,15.15,Overall,0,0,0,0
865,2022,Overall,Overall,Lassen,ICD-10,579.0,50.0,8.64,Overall,0,0,0,0
866,2022,Overall,Overall,Los Angeles,ICD-10,393647.0,59193.0,15.04,Overall,0,0,0,0
867,2022,Overall,Overall,Madera,ICD-10,6058.0,856.0,14.13,Overall,0,0,0,0
868,2022,Overall,Overall,Marin,ICD-10,9375.0,1201.0,12.81,Overall,0,0,0,0
869,2022,Overall,Overall,Mariposa,ICD-10,944.0,137.0,14.51,Overall,0,0,0,0
870,2022,Overall,Overall,Mendocino,ICD-10,4607.0,598.0,12.98,Overall,0,0,0,0
871,2022,Overall,Overall,Merced,ICD-10,11712.0,1709.0,14.59,Overall,0,0,0,0
872,2022,Overall,Overall,Modoc,ICD-10,307.0,38.0,12.38,Overall,0,0,0,0
873,2022,Overall,Overall,Mono,ICD-10,229.0,23.0,10.04,Overall,0,0,0,0
874,2022,Overall,Overall,Monterey,ICD-10,18704.0,2429.0,12.99,Overall,0,0,0,0
875,2022,Overall,Overall,Napa,ICD-10,5108.0,688.0,13.47,Overall,0,0,0,0
876,2022,Overall,Overall,Nevada,ICD-10,4818.0,673.0,13.97,Overall,0,0,0,0
877,2022,Overall,Overall,Orange,ICD-10,108666.0,14826.0,13.64,Overall,0,0,0,0
878,2022,Overall,Overall,Placer,ICD-10,18518.0,2309.0,12.47,Overall,0,0,0,0
879,2022,Overall,Overall,Plumas,ICD-10,634.0,94.0,14.83,Overall,0,0,0,0
880,2022,Overall,Overall,Riverside,ICD-10,103546.0,14693.0,14.19,Overall,0,0,0,0
881,2022,Overall,Overall,Sacramento,ICD-10,70577.0,10399.0,14.73,Overall,0,0,0,0
882,2022,Overall,Overall,San Benito,ICD-10,2514.0,368.0,14.64,Overall,0,0,0,0
883,2022,Overall,Overall,San Bernardino,ICD-10,91005.0,13303.0,14.62,Overall,0,0,0,0
884,2022,Overall,Overall,San Diego,ICD-10,144735.0,20302.0,14.03,Overall,0,0,0,0
885,2022,Overall,Overall,San Francisco,ICD-10,31810.0,4910.0,15.44,Overall,0,0,0,0
886,2022,Overall,Overall,San Joaquin,ICD-10,32288.0,4998.0,15.48,Overall,0,0,0,0
887,2022,Overall,Overall,San Luis Obispo,ICD-10,11343.0,1419.0,12.51,Overall,0,0,0,0
888,2022,Overall,Overall,San Mateo,ICD-10,22807.0,3049.0,13.37,Overall,0,0,0,0
889,2022,Overall,Overall,Santa Barbara,ICD-10,17333.0,2136.0,12.32,Overall,0,0,0,0
890,2022,Overall,Overall,Santa Clara,ICD-10,58551.0,8629.0,14.74,Overall,0,0,0,0
891,2022,Overall,Overall,Santa Cruz,ICD-10,9591.0,1216.0,12.68,Overall,0,0,0,0
892,2022,Overall,Overall,Shasta,ICD-10,12200.0,1529.0,12.53,Overall,0,0,0,0
893,2022,Overall,Overall,Sierra,ICD-10,73.0,10.0,13.7,Overall,0,0,0,0
894,2022,Overall,Overall,Siskiyou,ICD-10,1667.0,195.0,11.7,Overall,0,0,0,0
895,2022,Overall,Overall,Solano,ICD-10,17339.0,2481.0,14.31,Overall,0,0,0,0
896,2022,Overall,Overall,Sonoma,ICD-10,21315.0,3062.0,14.37,Overall,0,0,0,0
897,2022,Overall,Overall,Stanislaus,ICD-10,27600.0,3821.0,13.84,Overall,0,0,0,0
898,2022,Overall,Overall,Sutter,ICD-10,4755.0,691.0,14.53,Overall,0,0,0,0
899,2022,Overall,Overall,Tehama,ICD-10,3291.0,441.0,13.4,Overall,0,0,0,0
900,2022,Overall,Overall,Trinity,ICD-10,675.0,91.0,13.48,Overall,0,0,0,0
901,2022,Overall,Overall,Tulare,ICD-10,18119.0,2204.0,12.16,Overall,0,0,0,0
902,2022,Overall,Overall,Tuolumne,ICD-10,3236.0,472.0,14.59,Overall,0,0,0,0
903,2022,Overall,Overall,Ventura,ICD-10,34253.0,4771.0,13.93,Overall,0,0,0,0
904,2022,Overall,Overall,Yolo,ICD-10,7045.0,1005.0,14.27,Overall,0,0,0,0
905,2022,Overall,Overall,Yuba,ICD-10,4237.0,631.0,14.89,Overall,0,0,0,0
